TIME;AMT;ID;DV;ka;cl;DOSE TIME
0;100;1;0.0;1.0337555714543836;1.499759295962045;[0]
1;100;1;33.60552730003501;1.0337555714543836;1.499759295962045;[0]
2;100;1;29.583448387932798;1.0337555714543836;1.499759295962045;[0]
3;100;1;17.418702497224945;1.0337555714543836;1.499759295962045;[0]
4;100;1;8.084986904447012;1.0337555714543836;1.499759295962045;[0]
5;100;1;7.95833959002984;1.0337555714543836;1.499759295962045;[0]
6;100;1;1.2743133403975495;1.0337555714543836;1.499759295962045;[0]
7;100;1;0.29229512376095923;1.0337555714543836;1.499759295962045;[0]
8;100;1;4.893096685685239;1.0337555714543836;1.499759295962045;[0]
9;100;1;0.0;1.0337555714543836;1.499759295962045;[0]
10;100;1;2.409799847584426;1.0337555714543836;1.499759295962045;[0]
11;100;1;1.6303497488758638;1.0337555714543836;1.499759295962045;[0]
12;100;1;0.9061438463283316;1.0337555714543836;1.499759295962045;[0]
13;100;1;0.0;1.0337555714543836;1.499759295962045;[0]
14;100;1;1.7846323127210648;1.0337555714543836;1.499759295962045;[0]
15;100;1;0.0;1.0337555714543836;1.499759295962045;[0]
16;100;1;0.4878120639825517;1.0337555714543836;1.499759295962045;[0]
17;100;1;2.66411149253877;1.0337555714543836;1.499759295962045;[0]
18;100;1;1.7790270106421144;1.0337555714543836;1.499759295962045;[0]
19;100;1;0.0;1.0337555714543836;1.499759295962045;[0]
20;100;1;0.662519700860894;1.0337555714543836;1.499759295962045;[0]
21;100;1;0.8529024599932405;1.0337555714543836;1.499759295962045;[0]
22;100;1;2.0072727019343044;1.0337555714543836;1.499759295962045;[0]
23;100;1;1.4268857648046462;1.0337555714543836;1.499759295962045;[0]
24;100;1;7.2022910906458035;1.0337555714543836;1.499759295962045;[0]
0;100;2;1.2695225226024718;1.3058819340011831;1.1822178810355384;[0]
1;100;2;47.28226856255662;1.3058819340011831;1.1822178810355384;[0]
2;100;2;31.02592658482378;1.3058819340011831;1.1822178810355384;[0]
3;100;2;24.99884453538483;1.3058819340011831;1.1822178810355384;[0]
4;100;2;10.881814126944505;1.3058819340011831;1.1822178810355384;[0]
5;100;2;3.3272480399141795;1.3058819340011831;1.1822178810355384;[0]
6;100;2;2.3206312756230556;1.3058819340011831;1.1822178810355384;[0]
7;100;2;2.751910476440272;1.3058819340011831;1.1822178810355384;[0]
8;100;2;0.0;1.3058819340011831;1.1822178810355384;[0]
9;100;2;0.0;1.3058819340011831;1.1822178810355384;[0]
10;100;2;4.977052891683573;1.3058819340011831;1.1822178810355384;[0]
11;100;2;3.3459295726708036;1.3058819340011831;1.1822178810355384;[0]
12;100;2;2.0946134398270115;1.3058819340011831;1.1822178810355384;[0]
13;100;2;2.29054122370425;1.3058819340011831;1.1822178810355384;[0]
14;100;2;2.737542487519845;1.3058819340011831;1.1822178810355384;[0]
15;100;2;1.817116448790448;1.3058819340011831;1.1822178810355384;[0]
16;100;2;0.0;1.3058819340011831;1.1822178810355384;[0]
17;100;2;0.0;1.3058819340011831;1.1822178810355384;[0]
18;100;2;1.6749756339963104;1.3058819340011831;1.1822178810355384;[0]
19;100;2;6.606285196559018;1.3058819340011831;1.1822178810355384;[0]
20;100;2;0.7843850898497705;1.3058819340011831;1.1822178810355384;[0]
21;100;2;0.0;1.3058819340011831;1.1822178810355384;[0]
22;100;2;8.101191492899169;1.3058819340011831;1.1822178810355384;[0]
23;100;2;3.1138311615275596;1.3058819340011831;1.1822178810355384;[0]
24;100;2;1.7369330213758447;1.3058819340011831;1.1822178810355384;[0]
0;100;3;0.0;1.0855639616065542;1.6154188687004487;[0]
1;100;3;40.86592023830664;1.0855639616065542;1.6154188687004487;[0]
2;100;3;26.81710001583805;1.0855639616065542;1.6154188687004487;[0]
3;100;3;16.812490006053142;1.0855639616065542;1.6154188687004487;[0]
4;100;3;2.067072379299046;1.0855639616065542;1.6154188687004487;[0]
5;100;3;0.0;1.0855639616065542;1.6154188687004487;[0]
6;100;3;0.604294891680832;1.0855639616065542;1.6154188687004487;[0]
7;100;3;1.0694994182747724;1.0855639616065542;1.6154188687004487;[0]
8;100;3;2.0378981435759265;1.0855639616065542;1.6154188687004487;[0]
9;100;3;1.982873813884087;1.0855639616065542;1.6154188687004487;[0]
10;100;3;0.0;1.0855639616065542;1.6154188687004487;[0]
11;100;3;2.260884654413975;1.0855639616065542;1.6154188687004487;[0]
12;100;3;2.4207849709117824;1.0855639616065542;1.6154188687004487;[0]
13;100;3;0.0;1.0855639616065542;1.6154188687004487;[0]
14;100;3;0.9110227469080939;1.0855639616065542;1.6154188687004487;[0]
15;100;3;0.0;1.0855639616065542;1.6154188687004487;[0]
16;100;3;0.6652499713815359;1.0855639616065542;1.6154188687004487;[0]
17;100;3;0.0;1.0855639616065542;1.6154188687004487;[0]
18;100;3;3.3940154782615046;1.0855639616065542;1.6154188687004487;[0]
19;100;3;0.0;1.0855639616065542;1.6154188687004487;[0]
20;100;3;3.637772872340338;1.0855639616065542;1.6154188687004487;[0]
21;100;3;2.6982069198594414;1.0855639616065542;1.6154188687004487;[0]
22;100;3;0.0;1.0855639616065542;1.6154188687004487;[0]
23;100;3;0.0;1.0855639616065542;1.6154188687004487;[0]
24;100;3;0.0;1.0855639616065542;1.6154188687004487;[0]
0;100;4;0.7879719176485619;1.0108302523758301;2.203499134836353;[0]
1;100;4;36.07649399931149;1.0108302523758301;2.203499134836353;[0]
2;100;4;12.392237535989652;1.0108302523758301;2.203499134836353;[0]
3;100;4;7.384674724686741;1.0108302523758301;2.203499134836353;[0]
4;100;4;3.28210680517625;1.0108302523758301;2.203499134836353;[0]
5;100;4;1.6721981240511192;1.0108302523758301;2.203499134836353;[0]
6;100;4;6.446298963687715;1.0108302523758301;2.203499134836353;[0]
7;100;4;0.8575858067800372;1.0108302523758301;2.203499134836353;[0]
8;100;4;0.8856011871742341;1.0108302523758301;2.203499134836353;[0]
9;100;4;0.0;1.0108302523758301;2.203499134836353;[0]
10;100;4;4.166364465995875;1.0108302523758301;2.203499134836353;[0]
11;100;4;3.7231169809093965;1.0108302523758301;2.203499134836353;[0]
12;100;4;3.5078775265331728;1.0108302523758301;2.203499134836353;[0]
13;100;4;4.075165977600264;1.0108302523758301;2.203499134836353;[0]
14;100;4;0.5402191761244024;1.0108302523758301;2.203499134836353;[0]
15;100;4;2.807770688937449;1.0108302523758301;2.203499134836353;[0]
16;100;4;0.14046838730946615;1.0108302523758301;2.203499134836353;[0]
17;100;4;2.8163258419200314;1.0108302523758301;2.203499134836353;[0]
18;100;4;3.8135495516932734;1.0108302523758301;2.203499134836353;[0]
19;100;4;0.0;1.0108302523758301;2.203499134836353;[0]
20;100;4;4.873448161171426;1.0108302523758301;2.203499134836353;[0]
21;100;4;1.111428496242859;1.0108302523758301;2.203499134836353;[0]
22;100;4;0.20532963761548034;1.0108302523758301;2.203499134836353;[0]
23;100;4;0.11351603985075821;1.0108302523758301;2.203499134836353;[0]
24;100;4;6.424649798931716;1.0108302523758301;2.203499134836353;[0]
0;100;5;0.0;0.6415164784703783;1.0920171550006839;[0]
1;100;5;42.126702751078795;0.6415164784703783;1.0920171550006839;[0]
2;100;5;30.555479595827073;0.6415164784703783;1.0920171550006839;[0]
3;100;5;24.968249550449507;0.6415164784703783;1.0920171550006839;[0]
4;100;5;20.618457547146566;0.6415164784703783;1.0920171550006839;[0]
5;100;5;11.75429298999191;0.6415164784703783;1.0920171550006839;[0]
6;100;5;7.933441977581886;0.6415164784703783;1.0920171550006839;[0]
7;100;5;4.462510975676005;0.6415164784703783;1.0920171550006839;[0]
8;100;5;2.3315058280893686;0.6415164784703783;1.0920171550006839;[0]
9;100;5;0.0;0.6415164784703783;1.0920171550006839;[0]
10;100;5;3.8085037750831052;0.6415164784703783;1.0920171550006839;[0]
11;100;5;4.881509350674245;0.6415164784703783;1.0920171550006839;[0]
12;100;5;1.614215818888416;0.6415164784703783;1.0920171550006839;[0]
13;100;5;2.177664602442413;0.6415164784703783;1.0920171550006839;[0]
14;100;5;0.0;0.6415164784703783;1.0920171550006839;[0]
15;100;5;2.9631138395382055;0.6415164784703783;1.0920171550006839;[0]
16;100;5;0.0;0.6415164784703783;1.0920171550006839;[0]
17;100;5;2.0713310321244407;0.6415164784703783;1.0920171550006839;[0]
18;100;5;5.063594342139383;0.6415164784703783;1.0920171550006839;[0]
19;100;5;0.0;0.6415164784703783;1.0920171550006839;[0]
20;100;5;0.49826825681563647;0.6415164784703783;1.0920171550006839;[0]
21;100;5;0.920767790365363;0.6415164784703783;1.0920171550006839;[0]
22;100;5;0.5142288365661088;0.6415164784703783;1.0920171550006839;[0]
23;100;5;0.0;0.6415164784703783;1.0920171550006839;[0]
24;100;5;2.9852451882282285;0.6415164784703783;1.0920171550006839;[0]
0;100;6;0.0;0.8630856126936574;1.6386985766303057;[0]
1;100;6;39.30929122967753;0.8630856126936574;1.6386985766303057;[0]
2;100;6;23.915191930830925;0.8630856126936574;1.6386985766303057;[0]
3;100;6;5.580489923097334;0.8630856126936574;1.6386985766303057;[0]
4;100;6;9.810764132544566;0.8630856126936574;1.6386985766303057;[0]
5;100;6;3.7105430824428747;0.8630856126936574;1.6386985766303057;[0]
6;100;6;1.4463531327247874;0.8630856126936574;1.6386985766303057;[0]
7;100;6;0.0;0.8630856126936574;1.6386985766303057;[0]
8;100;6;2.33716497105641;0.8630856126936574;1.6386985766303057;[0]
9;100;6;0.0;0.8630856126936574;1.6386985766303057;[0]
10;100;6;0.0;0.8630856126936574;1.6386985766303057;[0]
11;100;6;0.5788942085395115;0.8630856126936574;1.6386985766303057;[0]
12;100;6;3.0654830829359945;0.8630856126936574;1.6386985766303057;[0]
13;100;6;0.0;0.8630856126936574;1.6386985766303057;[0]
14;100;6;0.0;0.8630856126936574;1.6386985766303057;[0]
15;100;6;0.0;0.8630856126936574;1.6386985766303057;[0]
16;100;6;1.755150660539165;0.8630856126936574;1.6386985766303057;[0]
17;100;6;0.15507841728389257;0.8630856126936574;1.6386985766303057;[0]
18;100;6;3.1379026510641697;0.8630856126936574;1.6386985766303057;[0]
19;100;6;4.642034757870755;0.8630856126936574;1.6386985766303057;[0]
20;100;6;0.0;0.8630856126936574;1.6386985766303057;[0]
21;100;6;0.3288674390678367;0.8630856126936574;1.6386985766303057;[0]
22;100;6;0.0;0.8630856126936574;1.6386985766303057;[0]
23;100;6;4.4243414590284145;0.8630856126936574;1.6386985766303057;[0]
24;100;6;1.3309784048930606;0.8630856126936574;1.6386985766303057;[0]
0;100;7;0.0;1.4164130533252712;0.8771966068094156;[0]
1;100;7;58.85020667979887;1.4164130533252712;0.8771966068094156;[0]
2;100;7;49.88197776278738;1.4164130533252712;0.8771966068094156;[0]
3;100;7;17.69382457150725;1.4164130533252712;0.8771966068094156;[0]
4;100;7;12.182494703216795;1.4164130533252712;0.8771966068094156;[0]
5;100;7;8.319289880026451;1.4164130533252712;0.8771966068094156;[0]
6;100;7;1.703020267398934;1.4164130533252712;0.8771966068094156;[0]
7;100;7;4.0129021331308135;1.4164130533252712;0.8771966068094156;[0]
8;100;7;4.71330289796263;1.4164130533252712;0.8771966068094156;[0]
9;100;7;0.1694268827059171;1.4164130533252712;0.8771966068094156;[0]
10;100;7;0.0;1.4164130533252712;0.8771966068094156;[0]
11;100;7;1.8751733646838082;1.4164130533252712;0.8771966068094156;[0]
12;100;7;0.0;1.4164130533252712;0.8771966068094156;[0]
13;100;7;2.2755379920122243;1.4164130533252712;0.8771966068094156;[0]
14;100;7;2.7340199244285643;1.4164130533252712;0.8771966068094156;[0]
15;100;7;3.769103715396055;1.4164130533252712;0.8771966068094156;[0]
16;100;7;1.2887496668798277;1.4164130533252712;0.8771966068094156;[0]
17;100;7;3.8175155624211436;1.4164130533252712;0.8771966068094156;[0]
18;100;7;0.0;1.4164130533252712;0.8771966068094156;[0]
19;100;7;0.16750699625354593;1.4164130533252712;0.8771966068094156;[0]
20;100;7;0.0;1.4164130533252712;0.8771966068094156;[0]
21;100;7;1.2312888938875253;1.4164130533252712;0.8771966068094156;[0]
22;100;7;4.750985270377667;1.4164130533252712;0.8771966068094156;[0]
23;100;7;0.0;1.4164130533252712;0.8771966068094156;[0]
24;100;7;4.1452160111747824;1.4164130533252712;0.8771966068094156;[0]
0;100;8;9.370357213894527;0.7143342390443922;0.7217186719275454;[0]
1;100;8;44.19051039516482;0.7143342390443922;0.7217186719275454;[0]
2;100;8;51.57864200785231;0.7143342390443922;0.7217186719275454;[0]
3;100;8;33.6866987111278;0.7143342390443922;0.7217186719275454;[0]
4;100;8;25.69063396544132;0.7143342390443922;0.7217186719275454;[0]
5;100;8;20.09068507433869;0.7143342390443922;0.7217186719275454;[0]
6;100;8;12.194652220928885;0.7143342390443922;0.7217186719275454;[0]
7;100;8;13.442659867532935;0.7143342390443922;0.7217186719275454;[0]
8;100;8;7.748211796644075;0.7143342390443922;0.7217186719275454;[0]
9;100;8;0.3015499474742672;0.7143342390443922;0.7217186719275454;[0]
10;100;8;3.080492568766477;0.7143342390443922;0.7217186719275454;[0]
11;100;8;0.4499459124324873;0.7143342390443922;0.7217186719275454;[0]
12;100;8;0.746328466798341;0.7143342390443922;0.7217186719275454;[0]
13;100;8;1.0364532927622356;0.7143342390443922;0.7217186719275454;[0]
14;100;8;1.3924240913555268;0.7143342390443922;0.7217186719275454;[0]
15;100;8;0.0;0.7143342390443922;0.7217186719275454;[0]
16;100;8;1.6155407851618653;0.7143342390443922;0.7217186719275454;[0]
17;100;8;0.2905071940682083;0.7143342390443922;0.7217186719275454;[0]
18;100;8;2.8235623470873206;0.7143342390443922;0.7217186719275454;[0]
19;100;8;0.0;0.7143342390443922;0.7217186719275454;[0]
20;100;8;0.4100465689095216;0.7143342390443922;0.7217186719275454;[0]
21;100;8;0.19374644432226693;0.7143342390443922;0.7217186719275454;[0]
22;100;8;0.5124326617221876;0.7143342390443922;0.7217186719275454;[0]
23;100;8;0.138872016472915;0.7143342390443922;0.7217186719275454;[0]
24;100;8;7.002134132822202;0.7143342390443922;0.7217186719275454;[0]
0;100;9;5.089543719489827;0.7416433922220234;1.2181011689360708;[0]
1;100;9;37.545805298276086;0.7416433922220234;1.2181011689360708;[0]
2;100;9;38.428782744384584;0.7416433922220234;1.2181011689360708;[0]
3;100;9;21.76030353506036;0.7416433922220234;1.2181011689360708;[0]
4;100;9;10.623875245786104;0.7416433922220234;1.2181011689360708;[0]
5;100;9;6.500436241566208;0.7416433922220234;1.2181011689360708;[0]
6;100;9;3.2839006670377877;0.7416433922220234;1.2181011689360708;[0]
7;100;9;0.0;0.7416433922220234;1.2181011689360708;[0]
8;100;9;5.048513347433995;0.7416433922220234;1.2181011689360708;[0]
9;100;9;1.8025985816807677;0.7416433922220234;1.2181011689360708;[0]
10;100;9;1.1052811117053074;0.7416433922220234;1.2181011689360708;[0]
11;100;9;0.3014778855576861;0.7416433922220234;1.2181011689360708;[0]
12;100;9;3.3666918840782665;0.7416433922220234;1.2181011689360708;[0]
13;100;9;0.0;0.7416433922220234;1.2181011689360708;[0]
14;100;9;0.0;0.7416433922220234;1.2181011689360708;[0]
15;100;9;3.455894751648698;0.7416433922220234;1.2181011689360708;[0]
16;100;9;3.530326046025791;0.7416433922220234;1.2181011689360708;[0]
17;100;9;0.0;0.7416433922220234;1.2181011689360708;[0]
18;100;9;0.5893438879080461;0.7416433922220234;1.2181011689360708;[0]
19;100;9;0.0;0.7416433922220234;1.2181011689360708;[0]
20;100;9;0.0;0.7416433922220234;1.2181011689360708;[0]
21;100;9;8.345789943239712;0.7416433922220234;1.2181011689360708;[0]
22;100;9;2.9803659440939505;0.7416433922220234;1.2181011689360708;[0]
23;100;9;5.097546367515192;0.7416433922220234;1.2181011689360708;[0]
24;100;9;3.8245859207458186;0.7416433922220234;1.2181011689360708;[0]
0;100;10;0.0;0.4665783797547103;1.4565111716264691;[0]
1;100;10;29.440104000225567;0.4665783797547103;1.4565111716264691;[0]
2;100;10;27.205294934421268;0.4665783797547103;1.4565111716264691;[0]
3;100;10;24.07483901241834;0.4665783797547103;1.4565111716264691;[0]
4;100;10;15.890128710591949;0.4665783797547103;1.4565111716264691;[0]
5;100;10;8.886433110720017;0.4665783797547103;1.4565111716264691;[0]
6;100;10;3.5311674793784285;0.4665783797547103;1.4565111716264691;[0]
7;100;10;10.765280983676373;0.4665783797547103;1.4565111716264691;[0]
8;100;10;7.343652990409262;0.4665783797547103;1.4565111716264691;[0]
9;100;10;3.850834886559391;0.4665783797547103;1.4565111716264691;[0]
10;100;10;0.07102755337497536;0.4665783797547103;1.4565111716264691;[0]
11;100;10;4.897357117453741;0.4665783797547103;1.4565111716264691;[0]
12;100;10;1.6348441196079528;0.4665783797547103;1.4565111716264691;[0]
13;100;10;0.0;0.4665783797547103;1.4565111716264691;[0]
14;100;10;0.0;0.4665783797547103;1.4565111716264691;[0]
15;100;10;3.115232032068677;0.4665783797547103;1.4565111716264691;[0]
16;100;10;1.6173769769337234;0.4665783797547103;1.4565111716264691;[0]
17;100;10;1.0710348437503339;0.4665783797547103;1.4565111716264691;[0]
18;100;10;0.1656887369999124;0.4665783797547103;1.4565111716264691;[0]
19;100;10;2.393582286720923;0.4665783797547103;1.4565111716264691;[0]
20;100;10;5.386748146930693;0.4665783797547103;1.4565111716264691;[0]
21;100;10;5.882782791383937;0.4665783797547103;1.4565111716264691;[0]
22;100;10;0.2503934045727704;0.4665783797547103;1.4565111716264691;[0]
23;100;10;1.537177648374673;0.4665783797547103;1.4565111716264691;[0]
24;100;10;7.831498353647103;0.4665783797547103;1.4565111716264691;[0]
0;100;11;1.9711079650861751;0.6804649921726665;1.3160225984681853;[0]
1;100;11;33.44028691880564;0.6804649921726665;1.3160225984681853;[0]
2;100;11;29.1771362272597;0.6804649921726665;1.3160225984681853;[0]
3;100;11;29.74438415815636;0.6804649921726665;1.3160225984681853;[0]
4;100;11;10.900157810538104;0.6804649921726665;1.3160225984681853;[0]
5;100;11;12.53865966735782;0.6804649921726665;1.3160225984681853;[0]
6;100;11;7.108642689866096;0.6804649921726665;1.3160225984681853;[0]
7;100;11;2.420015112552467;0.6804649921726665;1.3160225984681853;[0]
8;100;11;6.203274407276881;0.6804649921726665;1.3160225984681853;[0]
9;100;11;0.45611787641161244;0.6804649921726665;1.3160225984681853;[0]
10;100;11;0.0;0.6804649921726665;1.3160225984681853;[0]
11;100;11;0.0;0.6804649921726665;1.3160225984681853;[0]
12;100;11;0.0;0.6804649921726665;1.3160225984681853;[0]
13;100;11;5.300348803015976;0.6804649921726665;1.3160225984681853;[0]
14;100;11;1.6502842198725265;0.6804649921726665;1.3160225984681853;[0]
15;100;11;0.9168611529328521;0.6804649921726665;1.3160225984681853;[0]
16;100;11;0.41655993553438303;0.6804649921726665;1.3160225984681853;[0]
17;100;11;1.426351525107629;0.6804649921726665;1.3160225984681853;[0]
18;100;11;0.0;0.6804649921726665;1.3160225984681853;[0]
19;100;11;0.0;0.6804649921726665;1.3160225984681853;[0]
20;100;11;1.8124973308896193;0.6804649921726665;1.3160225984681853;[0]
21;100;11;3.1683012279948466;0.6804649921726665;1.3160225984681853;[0]
22;100;11;0.43142679418976504;0.6804649921726665;1.3160225984681853;[0]
23;100;11;0.2873824741128662;0.6804649921726665;1.3160225984681853;[0]
24;100;11;2.7610080645373936;0.6804649921726665;1.3160225984681853;[0]
0;100;12;3.8874036322514414;0.39399356133533076;2.5233312890121025;[0]
1;100;12;15.575222185880108;0.39399356133533076;2.5233312890121025;[0]
2;100;12;14.957652194941886;0.39399356133533076;2.5233312890121025;[0]
3;100;12;9.265705704313142;0.39399356133533076;2.5233312890121025;[0]
4;100;12;16.321902894072437;0.39399356133533076;2.5233312890121025;[0]
5;100;12;2.4686824886594043;0.39399356133533076;2.5233312890121025;[0]
6;100;12;1.5834796255868655;0.39399356133533076;2.5233312890121025;[0]
7;100;12;0.0;0.39399356133533076;2.5233312890121025;[0]
8;100;12;1.3501298177341905;0.39399356133533076;2.5233312890121025;[0]
9;100;12;4.58542544452367;0.39399356133533076;2.5233312890121025;[0]
10;100;12;1.8592143802499712;0.39399356133533076;2.5233312890121025;[0]
11;100;12;0.892057401849152;0.39399356133533076;2.5233312890121025;[0]
12;100;12;2.826757763317749;0.39399356133533076;2.5233312890121025;[0]
13;100;12;3.790381323959411;0.39399356133533076;2.5233312890121025;[0]
14;100;12;2.4889252873458116;0.39399356133533076;2.5233312890121025;[0]
15;100;12;2.80306464147834;0.39399356133533076;2.5233312890121025;[0]
16;100;12;0.5023684307444448;0.39399356133533076;2.5233312890121025;[0]
17;100;12;3.936531369170126;0.39399356133533076;2.5233312890121025;[0]
18;100;12;1.6291523814499442;0.39399356133533076;2.5233312890121025;[0]
19;100;12;2.346005503829855;0.39399356133533076;2.5233312890121025;[0]
20;100;12;2.0677782556070876;0.39399356133533076;2.5233312890121025;[0]
21;100;12;1.710872581922557;0.39399356133533076;2.5233312890121025;[0]
22;100;12;0.018934619254662603;0.39399356133533076;2.5233312890121025;[0]
23;100;12;2.738579871581695;0.39399356133533076;2.5233312890121025;[0]
24;100;12;7.5919718508640495;0.39399356133533076;2.5233312890121025;[0]
0;100;13;5.885683764635601;0.9633270589712875;1.6786405107581859;[0]
1;100;13;35.09577885130663;0.9633270589712875;1.6786405107581859;[0]
2;100;13;25.450905275898382;0.9633270589712875;1.6786405107581859;[0]
3;100;13;21.409697391698945;0.9633270589712875;1.6786405107581859;[0]
4;100;13;3.8939311887221653;0.9633270589712875;1.6786405107581859;[0]
5;100;13;1.9189978091296525;0.9633270589712875;1.6786405107581859;[0]
6;100;13;0.5258682187985063;0.9633270589712875;1.6786405107581859;[0]
7;100;13;0.5809019352241174;0.9633270589712875;1.6786405107581859;[0]
8;100;13;0.4397121665430236;0.9633270589712875;1.6786405107581859;[0]
9;100;13;0.7068888703911387;0.9633270589712875;1.6786405107581859;[0]
10;100;13;0.0;0.9633270589712875;1.6786405107581859;[0]
11;100;13;0.07687608942602356;0.9633270589712875;1.6786405107581859;[0]
12;100;13;0.0;0.9633270589712875;1.6786405107581859;[0]
13;100;13;3.391964799116781;0.9633270589712875;1.6786405107581859;[0]
14;100;13;3.939062507086144;0.9633270589712875;1.6786405107581859;[0]
15;100;13;3.9969386070386412;0.9633270589712875;1.6786405107581859;[0]
16;100;13;2.020811157097339;0.9633270589712875;1.6786405107581859;[0]
17;100;13;0.7931694542005749;0.9633270589712875;1.6786405107581859;[0]
18;100;13;0.3747254932386782;0.9633270589712875;1.6786405107581859;[0]
19;100;13;0.5363791136836342;0.9633270589712875;1.6786405107581859;[0]
20;100;13;0.6066791969651915;0.9633270589712875;1.6786405107581859;[0]
21;100;13;1.0851693324317162;0.9633270589712875;1.6786405107581859;[0]
22;100;13;2.70376207223406;0.9633270589712875;1.6786405107581859;[0]
23;100;13;0.01545966710783432;0.9633270589712875;1.6786405107581859;[0]
24;100;13;0.0;0.9633270589712875;1.6786405107581859;[0]
0;100;14;2.454446579796576;0.6187218743122315;1.4715481990631654;[0]
1;100;14;33.06126308443504;0.6187218743122315;1.4715481990631654;[0]
2;100;14;25.874895521598436;0.6187218743122315;1.4715481990631654;[0]
3;100;14;16.166439318743898;0.6187218743122315;1.4715481990631654;[0]
4;100;14;9.641017602294102;0.6187218743122315;1.4715481990631654;[0]
5;100;14;6.913549075233366;0.6187218743122315;1.4715481990631654;[0]
6;100;14;3.922283980887065;0.6187218743122315;1.4715481990631654;[0]
7;100;14;4.029496971435898;0.6187218743122315;1.4715481990631654;[0]
8;100;14;0.46924401526901116;0.6187218743122315;1.4715481990631654;[0]
9;100;14;4.130688581554547;0.6187218743122315;1.4715481990631654;[0]
10;100;14;2.705758806873751;0.6187218743122315;1.4715481990631654;[0]
11;100;14;1.0750127154122306;0.6187218743122315;1.4715481990631654;[0]
12;100;14;7.451049196530898;0.6187218743122315;1.4715481990631654;[0]
13;100;14;0.0;0.6187218743122315;1.4715481990631654;[0]
14;100;14;0.6017849630830113;0.6187218743122315;1.4715481990631654;[0]
15;100;14;0.8617379786568674;0.6187218743122315;1.4715481990631654;[0]
16;100;14;0.7074305971860568;0.6187218743122315;1.4715481990631654;[0]
17;100;14;0.0;0.6187218743122315;1.4715481990631654;[0]
18;100;14;0.0;0.6187218743122315;1.4715481990631654;[0]
19;100;14;2.2055990669562666;0.6187218743122315;1.4715481990631654;[0]
20;100;14;0.7140965597916834;0.6187218743122315;1.4715481990631654;[0]
21;100;14;0.06550222534052434;0.6187218743122315;1.4715481990631654;[0]
22;100;14;3.078199239977222;0.6187218743122315;1.4715481990631654;[0]
23;100;14;0.0;0.6187218743122315;1.4715481990631654;[0]
24;100;14;0.0;0.6187218743122315;1.4715481990631654;[0]
0;100;15;5.388700580782955;0.7255124654191625;0.9520032103852358;[0]
1;100;15;37.65025508682056;0.7255124654191625;0.9520032103852358;[0]
2;100;15;40.258578350436295;0.7255124654191625;0.9520032103852358;[0]
3;100;15;29.069064205067235;0.7255124654191625;0.9520032103852358;[0]
4;100;15;26.508306833402784;0.7255124654191625;0.9520032103852358;[0]
5;100;15;8.334674381088623;0.7255124654191625;0.9520032103852358;[0]
6;100;15;7.917765645606929;0.7255124654191625;0.9520032103852358;[0]
7;100;15;4.023821090849326;0.7255124654191625;0.9520032103852358;[0]
8;100;15;2.551002769841245;0.7255124654191625;0.9520032103852358;[0]
9;100;15;3.9244812656869943;0.7255124654191625;0.9520032103852358;[0]
10;100;15;0.8902047227172183;0.7255124654191625;0.9520032103852358;[0]
11;100;15;4.074836859914094;0.7255124654191625;0.9520032103852358;[0]
12;100;15;0.5411767358109874;0.7255124654191625;0.9520032103852358;[0]
13;100;15;0.5266773900315977;0.7255124654191625;0.9520032103852358;[0]
14;100;15;0.0;0.7255124654191625;0.9520032103852358;[0]
15;100;15;2.8413868398509576;0.7255124654191625;0.9520032103852358;[0]
16;100;15;1.0311311726837502;0.7255124654191625;0.9520032103852358;[0]
17;100;15;1.9118081884810336;0.7255124654191625;0.9520032103852358;[0]
18;100;15;0.0;0.7255124654191625;0.9520032103852358;[0]
19;100;15;0.0;0.7255124654191625;0.9520032103852358;[0]
20;100;15;0.5800408022990672;0.7255124654191625;0.9520032103852358;[0]
21;100;15;1.3475765171812597;0.7255124654191625;0.9520032103852358;[0]
22;100;15;1.084627418936906;0.7255124654191625;0.9520032103852358;[0]
23;100;15;0.0;0.7255124654191625;0.9520032103852358;[0]
24;100;15;0.0;0.7255124654191625;0.9520032103852358;[0]
0;100;16;0.0;0.6734640772158232;2.5102323928415604;[0]
1;100;16;23.13726555417687;0.6734640772158232;2.5102323928415604;[0]
2;100;16;13.477734908776718;0.6734640772158232;2.5102323928415604;[0]
3;100;16;15.377882337361239;0.6734640772158232;2.5102323928415604;[0]
4;100;16;2.4537705986516873;0.6734640772158232;2.5102323928415604;[0]
5;100;16;6.271684803944275;0.6734640772158232;2.5102323928415604;[0]
6;100;16;1.112362060617773;0.6734640772158232;2.5102323928415604;[0]
7;100;16;0.0;0.6734640772158232;2.5102323928415604;[0]
8;100;16;3.6442344074308117;0.6734640772158232;2.5102323928415604;[0]
9;100;16;0.8137928640241192;0.6734640772158232;2.5102323928415604;[0]
10;100;16;2.839556624501568;0.6734640772158232;2.5102323928415604;[0]
11;100;16;0.0;0.6734640772158232;2.5102323928415604;[0]
12;100;16;2.0113893181877116;0.6734640772158232;2.5102323928415604;[0]
13;100;16;0.0;0.6734640772158232;2.5102323928415604;[0]
14;100;16;0.5653724448935389;0.6734640772158232;2.5102323928415604;[0]
15;100;16;0.0;0.6734640772158232;2.5102323928415604;[0]
16;100;16;1.3577002235232327;0.6734640772158232;2.5102323928415604;[0]
17;100;16;3.8502053495826756;0.6734640772158232;2.5102323928415604;[0]
18;100;16;0.0;0.6734640772158232;2.5102323928415604;[0]
19;100;16;4.082268995755442;0.6734640772158232;2.5102323928415604;[0]
20;100;16;2.444078625508569;0.6734640772158232;2.5102323928415604;[0]
21;100;16;4.3071064780787145;0.6734640772158232;2.5102323928415604;[0]
22;100;16;0.24650752483672866;0.6734640772158232;2.5102323928415604;[0]
23;100;16;0.044221164138099275;0.6734640772158232;2.5102323928415604;[0]
24;100;16;0.6260683481287663;0.6734640772158232;2.5102323928415604;[0]
0;100;17;0.0;0.50346005734758;1.666056000337756;[0]
1;100;17;28.44673145334983;0.50346005734758;1.666056000337756;[0]
2;100;17;26.103008564446615;0.50346005734758;1.666056000337756;[0]
3;100;17;21.191077562183516;0.50346005734758;1.666056000337756;[0]
4;100;17;12.129711338463338;0.50346005734758;1.666056000337756;[0]
5;100;17;14.757434481782457;0.50346005734758;1.666056000337756;[0]
6;100;17;7.088367022234369;0.50346005734758;1.666056000337756;[0]
7;100;17;0.35116704777915847;0.50346005734758;1.666056000337756;[0]
8;100;17;3.9293591893403064;0.50346005734758;1.666056000337756;[0]
9;100;17;0.7735954045900275;0.50346005734758;1.666056000337756;[0]
10;100;17;1.446327051052622;0.50346005734758;1.666056000337756;[0]
11;100;17;3.6346578002806993;0.50346005734758;1.666056000337756;[0]
12;100;17;3.514980405636466;0.50346005734758;1.666056000337756;[0]
13;100;17;6.036023917966478;0.50346005734758;1.666056000337756;[0]
14;100;17;0.0;0.50346005734758;1.666056000337756;[0]
15;100;17;0.1114999376387934;0.50346005734758;1.666056000337756;[0]
16;100;17;0.9964222738034962;0.50346005734758;1.666056000337756;[0]
17;100;17;0.049188583027936335;0.50346005734758;1.666056000337756;[0]
18;100;17;0.24583466100115703;0.50346005734758;1.666056000337756;[0]
19;100;17;0.1726108059106308;0.50346005734758;1.666056000337756;[0]
20;100;17;0.10613921445108394;0.50346005734758;1.666056000337756;[0]
21;100;17;0.8081761449911703;0.50346005734758;1.666056000337756;[0]
22;100;17;0.05174130422706703;0.50346005734758;1.666056000337756;[0]
23;100;17;5.2037725986367604;0.50346005734758;1.666056000337756;[0]
24;100;17;0.0;0.50346005734758;1.666056000337756;[0]
0;100;18;0.0;0.5502505178116406;2.4624049300109063;[0]
1;100;18;23.25431502419614;0.5502505178116406;2.4624049300109063;[0]
2;100;18;25.389608361087788;0.5502505178116406;2.4624049300109063;[0]
3;100;18;5.663262249778898;0.5502505178116406;2.4624049300109063;[0]
4;100;18;9.66880966598333;0.5502505178116406;2.4624049300109063;[0]
5;100;18;0.30098271366224827;0.5502505178116406;2.4624049300109063;[0]
6;100;18;1.0285153529145203;0.5502505178116406;2.4624049300109063;[0]
7;100;18;3.9994090530124717;0.5502505178116406;2.4624049300109063;[0]
8;100;18;2.1527434382331414;0.5502505178116406;2.4624049300109063;[0]
9;100;18;0.08925756564900303;0.5502505178116406;2.4624049300109063;[0]
10;100;18;0.0;0.5502505178116406;2.4624049300109063;[0]
11;100;18;2.1361783035257145;0.5502505178116406;2.4624049300109063;[0]
12;100;18;0.2520458810789139;0.5502505178116406;2.4624049300109063;[0]
13;100;18;1.7276921330891584;0.5502505178116406;2.4624049300109063;[0]
14;100;18;1.4388681873938973;0.5502505178116406;2.4624049300109063;[0]
15;100;18;5.34749434967048;0.5502505178116406;2.4624049300109063;[0]
16;100;18;0.0;0.5502505178116406;2.4624049300109063;[0]
17;100;18;0.16709821825561733;0.5502505178116406;2.4624049300109063;[0]
18;100;18;3.264347226616733;0.5502505178116406;2.4624049300109063;[0]
19;100;18;2.6179920489669435;0.5502505178116406;2.4624049300109063;[0]
20;100;18;0.39157868401208784;0.5502505178116406;2.4624049300109063;[0]
21;100;18;0.0;0.5502505178116406;2.4624049300109063;[0]
22;100;18;0.0;0.5502505178116406;2.4624049300109063;[0]
23;100;18;7.981870243449501;0.5502505178116406;2.4624049300109063;[0]
24;100;18;2.316133348738333;0.5502505178116406;2.4624049300109063;[0]
0;100;19;0.0;1.067591358453261;1.0107803833476414;[0]
1;100;19;48.70262454278791;1.067591358453261;1.0107803833476414;[0]
2;100;19;43.75546423648295;1.067591358453261;1.0107803833476414;[0]
3;100;19;25.520433176869986;1.067591358453261;1.0107803833476414;[0]
4;100;19;10.376178841172756;1.067591358453261;1.0107803833476414;[0]
5;100;19;10.813002345722662;1.067591358453261;1.0107803833476414;[0]
6;100;19;5.56031249217286;1.067591358453261;1.0107803833476414;[0]
7;100;19;1.1347421301558245;1.067591358453261;1.0107803833476414;[0]
8;100;19;2.6465730430787477;1.067591358453261;1.0107803833476414;[0]
9;100;19;1.7248679323809513;1.067591358453261;1.0107803833476414;[0]
10;100;19;1.545126249297784;1.067591358453261;1.0107803833476414;[0]
11;100;19;3.111064104201742;1.067591358453261;1.0107803833476414;[0]
12;100;19;0.20831642164786143;1.067591358453261;1.0107803833476414;[0]
13;100;19;3.0895309656712224;1.067591358453261;1.0107803833476414;[0]
14;100;19;0.22776939187123718;1.067591358453261;1.0107803833476414;[0]
15;100;19;0.0;1.067591358453261;1.0107803833476414;[0]
16;100;19;2.3408748303135067;1.067591358453261;1.0107803833476414;[0]
17;100;19;1.1150328424404232;1.067591358453261;1.0107803833476414;[0]
18;100;19;8.01115958198466;1.067591358453261;1.0107803833476414;[0]
19;100;19;7.27378703475972;1.067591358453261;1.0107803833476414;[0]
20;100;19;0.9126060289983235;1.067591358453261;1.0107803833476414;[0]
21;100;19;0.0;1.067591358453261;1.0107803833476414;[0]
22;100;19;0.4585760060623183;1.067591358453261;1.0107803833476414;[0]
23;100;19;0.5941514128890231;1.067591358453261;1.0107803833476414;[0]
24;100;19;0.0;1.067591358453261;1.0107803833476414;[0]
0;100;20;2.6174563789415344;0.8857345452750496;3.6377859998214985;[0]
1;100;20;21.46841055649818;0.8857345452750496;3.6377859998214985;[0]
2;100;20;6.0835840014161064;0.8857345452750496;3.6377859998214985;[0]
3;100;20;0.11378265548128064;0.8857345452750496;3.6377859998214985;[0]
4;100;20;0.0;0.8857345452750496;3.6377859998214985;[0]
5;100;20;0.783497870723207;0.8857345452750496;3.6377859998214985;[0]
6;100;20;0.0;0.8857345452750496;3.6377859998214985;[0]
7;100;20;1.2694721222163192;0.8857345452750496;3.6377859998214985;[0]
8;100;20;6.890777641267977;0.8857345452750496;3.6377859998214985;[0]
9;100;20;5.181359451199029;0.8857345452750496;3.6377859998214985;[0]
10;100;20;2.822449243115085;0.8857345452750496;3.6377859998214985;[0]
11;100;20;0.358170476007392;0.8857345452750496;3.6377859998214985;[0]
12;100;20;5.386963826068365;0.8857345452750496;3.6377859998214985;[0]
13;100;20;0.0;0.8857345452750496;3.6377859998214985;[0]
14;100;20;2.751969409326877;0.8857345452750496;3.6377859998214985;[0]
15;100;20;1.1048935755551048;0.8857345452750496;3.6377859998214985;[0]
16;100;20;0.0;0.8857345452750496;3.6377859998214985;[0]
17;100;20;2.6718067157877754;0.8857345452750496;3.6377859998214985;[0]
18;100;20;1.354066973753651;0.8857345452750496;3.6377859998214985;[0]
19;100;20;0.9104068676470584;0.8857345452750496;3.6377859998214985;[0]
20;100;20;1.749560665835939;0.8857345452750496;3.6377859998214985;[0]
21;100;20;0.39416872830727023;0.8857345452750496;3.6377859998214985;[0]
22;100;20;2.931787127060301;0.8857345452750496;3.6377859998214985;[0]
23;100;20;1.333279758961503;0.8857345452750496;3.6377859998214985;[0]
24;100;20;0.0;0.8857345452750496;3.6377859998214985;[0]
0;100;21;4.3837526098366535;0.44824390834055394;2.5178958685587616;[0]
1;100;21;14.509966790962807;0.44824390834055394;2.5178958685587616;[0]
2;100;21;12.209301578967018;0.44824390834055394;2.5178958685587616;[0]
3;100;21;8.097384755922018;0.44824390834055394;2.5178958685587616;[0]
4;100;21;7.4771579310919005;0.44824390834055394;2.5178958685587616;[0]
5;100;21;2.3695234748948604;0.44824390834055394;2.5178958685587616;[0]
6;100;21;1.6378727584195083;0.44824390834055394;2.5178958685587616;[0]
7;100;21;0.15221169593928263;0.44824390834055394;2.5178958685587616;[0]
8;100;21;0.0;0.44824390834055394;2.5178958685587616;[0]
9;100;21;8.780785279367349;0.44824390834055394;2.5178958685587616;[0]
10;100;21;0.9948323254848703;0.44824390834055394;2.5178958685587616;[0]
11;100;21;3.2807679004255883;0.44824390834055394;2.5178958685587616;[0]
12;100;21;0.765795616803593;0.44824390834055394;2.5178958685587616;[0]
13;100;21;0.0;0.44824390834055394;2.5178958685587616;[0]
14;100;21;0.29895080837513616;0.44824390834055394;2.5178958685587616;[0]
15;100;21;0.4010537543506981;0.44824390834055394;2.5178958685587616;[0]
16;100;21;0.5320589127534422;0.44824390834055394;2.5178958685587616;[0]
17;100;21;1.8761615453495413;0.44824390834055394;2.5178958685587616;[0]
18;100;21;0.0;0.44824390834055394;2.5178958685587616;[0]
19;100;21;0.43184441193418827;0.44824390834055394;2.5178958685587616;[0]
20;100;21;0.040557717754437304;0.44824390834055394;2.5178958685587616;[0]
21;100;21;1.111920552721095;0.44824390834055394;2.5178958685587616;[0]
22;100;21;4.891369057951681;0.44824390834055394;2.5178958685587616;[0]
23;100;21;5.316099017389693;0.44824390834055394;2.5178958685587616;[0]
24;100;21;0.0;0.44824390834055394;2.5178958685587616;[0]
0;100;22;0.10752360124079509;0.6740923125251015;1.1835504040836347;[0]
1;100;22;34.91096446201605;0.6740923125251015;1.1835504040836347;[0]
2;100;22;35.38109268443682;0.6740923125251015;1.1835504040836347;[0]
3;100;22;23.53081402087557;0.6740923125251015;1.1835504040836347;[0]
4;100;22;14.565362331204138;0.6740923125251015;1.1835504040836347;[0]
5;100;22;9.868231851039655;0.6740923125251015;1.1835504040836347;[0]
6;100;22;8.256229495482923;0.6740923125251015;1.1835504040836347;[0]
7;100;22;4.166192199805643;0.6740923125251015;1.1835504040836347;[0]
8;100;22;5.713271203870863;0.6740923125251015;1.1835504040836347;[0]
9;100;22;1.4845505583336376;0.6740923125251015;1.1835504040836347;[0]
10;100;22;0.0;0.6740923125251015;1.1835504040836347;[0]
11;100;22;3.5732876950095287;0.6740923125251015;1.1835504040836347;[0]
12;100;22;1.2668984494321327;0.6740923125251015;1.1835504040836347;[0]
13;100;22;0.0;0.6740923125251015;1.1835504040836347;[0]
14;100;22;0.0;0.6740923125251015;1.1835504040836347;[0]
15;100;22;1.2330757118167894;0.6740923125251015;1.1835504040836347;[0]
16;100;22;2.9009893107449907;0.6740923125251015;1.1835504040836347;[0]
17;100;22;0.0;0.6740923125251015;1.1835504040836347;[0]
18;100;22;1.8879744651457817;0.6740923125251015;1.1835504040836347;[0]
19;100;22;0.0;0.6740923125251015;1.1835504040836347;[0]
20;100;22;0.7884882087258777;0.6740923125251015;1.1835504040836347;[0]
21;100;22;0.965515888267491;0.6740923125251015;1.1835504040836347;[0]
22;100;22;1.6611513692798552;0.6740923125251015;1.1835504040836347;[0]
23;100;22;0.0906940930201494;0.6740923125251015;1.1835504040836347;[0]
24;100;22;7.27506367843749;0.6740923125251015;1.1835504040836347;[0]
0;100;23;1.7858165193708828;0.9962822553481296;1.444247489473471;[0]
1;100;23;46.912759181227074;0.9962822553481296;1.444247489473471;[0]
2;100;23;31.24306169864377;0.9962822553481296;1.444247489473471;[0]
3;100;23;17.737360593100505;0.9962822553481296;1.444247489473471;[0]
4;100;23;11.067226910104305;0.9962822553481296;1.444247489473471;[0]
5;100;23;8.81813866051736;0.9962822553481296;1.444247489473471;[0]
6;100;23;2.822528497978712;0.9962822553481296;1.444247489473471;[0]
7;100;23;0.20023794895024982;0.9962822553481296;1.444247489473471;[0]
8;100;23;3.118617554612835;0.9962822553481296;1.444247489473471;[0]
9;100;23;2.1541253043546678;0.9962822553481296;1.444247489473471;[0]
10;100;23;0.0;0.9962822553481296;1.444247489473471;[0]
11;100;23;1.9829620467514382;0.9962822553481296;1.444247489473471;[0]
12;100;23;0.6328402096771173;0.9962822553481296;1.444247489473471;[0]
13;100;23;0.0;0.9962822553481296;1.444247489473471;[0]
14;100;23;1.7054857538308017;0.9962822553481296;1.444247489473471;[0]
15;100;23;0.1015026453090328;0.9962822553481296;1.444247489473471;[0]
16;100;23;1.288450762434455;0.9962822553481296;1.444247489473471;[0]
17;100;23;1.1388662477617433;0.9962822553481296;1.444247489473471;[0]
18;100;23;1.3937827104321885;0.9962822553481296;1.444247489473471;[0]
19;100;23;0.4986605425744907;0.9962822553481296;1.444247489473471;[0]
20;100;23;0.0;0.9962822553481296;1.444247489473471;[0]
21;100;23;2.5186799583726267;0.9962822553481296;1.444247489473471;[0]
22;100;23;0.0;0.9962822553481296;1.444247489473471;[0]
23;100;23;5.649479355132538;0.9962822553481296;1.444247489473471;[0]
24;100;23;1.3297090484793466;0.9962822553481296;1.444247489473471;[0]
0;100;24;0.0;0.7538520684769066;1.5793686913900657;[0]
1;100;24;31.895484883376238;0.7538520684769066;1.5793686913900657;[0]
2;100;24;26.832734464337985;0.7538520684769066;1.5793686913900657;[0]
3;100;24;12.26072559647334;0.7538520684769066;1.5793686913900657;[0]
4;100;24;8.01218762576653;0.7538520684769066;1.5793686913900657;[0]
5;100;24;5.931113275073583;0.7538520684769066;1.5793686913900657;[0]
6;100;24;0.0;0.7538520684769066;1.5793686913900657;[0]
7;100;24;0.0;0.7538520684769066;1.5793686913900657;[0]
8;100;24;0.2539761552591864;0.7538520684769066;1.5793686913900657;[0]
9;100;24;1.8587242704442972;0.7538520684769066;1.5793686913900657;[0]
10;100;24;2.8304238486115163;0.7538520684769066;1.5793686913900657;[0]
11;100;24;3.6891372770608264;0.7538520684769066;1.5793686913900657;[0]
12;100;24;0.9633014416564113;0.7538520684769066;1.5793686913900657;[0]
13;100;24;0.0;0.7538520684769066;1.5793686913900657;[0]
14;100;24;0.5730394738115635;0.7538520684769066;1.5793686913900657;[0]
15;100;24;5.995626953791127;0.7538520684769066;1.5793686913900657;[0]
16;100;24;0.0;0.7538520684769066;1.5793686913900657;[0]
17;100;24;1.6644890533339882;0.7538520684769066;1.5793686913900657;[0]
18;100;24;9.104567770139568;0.7538520684769066;1.5793686913900657;[0]
19;100;24;0.6430438954596889;0.7538520684769066;1.5793686913900657;[0]
20;100;24;5.100225692605418;0.7538520684769066;1.5793686913900657;[0]
21;100;24;0.11024810690309482;0.7538520684769066;1.5793686913900657;[0]
22;100;24;0.0;0.7538520684769066;1.5793686913900657;[0]
23;100;24;0.2308276441096455;0.7538520684769066;1.5793686913900657;[0]
24;100;24;5.204476306581797;0.7538520684769066;1.5793686913900657;[0]
0;100;25;0.0;0.48968147583619637;1.759701916629835;[0]
1;100;25;24.611879522327122;0.48968147583619637;1.759701916629835;[0]
2;100;25;26.52190754057755;0.48968147583619637;1.759701916629835;[0]
3;100;25;18.049141572958472;0.48968147583619637;1.759701916629835;[0]
4;100;25;20.008431337073585;0.48968147583619637;1.759701916629835;[0]
5;100;25;9.71455033917752;0.48968147583619637;1.759701916629835;[0]
6;100;25;1.5298337376493714;0.48968147583619637;1.759701916629835;[0]
7;100;25;1.840865103878433;0.48968147583619637;1.759701916629835;[0]
8;100;25;1.0255586995228967;0.48968147583619637;1.759701916629835;[0]
9;100;25;2.461192820194756;0.48968147583619637;1.759701916629835;[0]
10;100;25;3.5425478671796173;0.48968147583619637;1.759701916629835;[0]
11;100;25;2.932442043089171;0.48968147583619637;1.759701916629835;[0]
12;100;25;1.4163950210687477;0.48968147583619637;1.759701916629835;[0]
13;100;25;0.0;0.48968147583619637;1.759701916629835;[0]
14;100;25;3.5025936245077256;0.48968147583619637;1.759701916629835;[0]
15;100;25;0.0;0.48968147583619637;1.759701916629835;[0]
16;100;25;0.5094461681918938;0.48968147583619637;1.759701916629835;[0]
17;100;25;4.139803541437155;0.48968147583619637;1.759701916629835;[0]
18;100;25;0.030467930474677506;0.48968147583619637;1.759701916629835;[0]
19;100;25;0.40600891961653146;0.48968147583619637;1.759701916629835;[0]
20;100;25;0.0;0.48968147583619637;1.759701916629835;[0]
21;100;25;1.5710016207859665;0.48968147583619637;1.759701916629835;[0]
22;100;25;2.025396419884209;0.48968147583619637;1.759701916629835;[0]
23;100;25;0.3360102377120147;0.48968147583619637;1.759701916629835;[0]
24;100;25;3.0006838075892683;0.48968147583619637;1.759701916629835;[0]
0;100;26;0.0;0.8946954572691435;0.6589057940342962;[0]
1;100;26;54.06176390645117;0.8946954572691435;0.6589057940342962;[0]
2;100;26;52.45361496309158;0.8946954572691435;0.6589057940342962;[0]
3;100;26;44.430246689612645;0.8946954572691435;0.6589057940342962;[0]
4;100;26;31.495887514529677;0.8946954572691435;0.6589057940342962;[0]
5;100;26;18.752529957048065;0.8946954572691435;0.6589057940342962;[0]
6;100;26;13.654102139540743;0.8946954572691435;0.6589057940342962;[0]
7;100;26;18.21119254850823;0.8946954572691435;0.6589057940342962;[0]
8;100;26;4.675825808599354;0.8946954572691435;0.6589057940342962;[0]
9;100;26;7.513521174134377;0.8946954572691435;0.6589057940342962;[0]
10;100;26;0.0;0.8946954572691435;0.6589057940342962;[0]
11;100;26;3.4983090591006976;0.8946954572691435;0.6589057940342962;[0]
12;100;26;1.6870035727198651;0.8946954572691435;0.6589057940342962;[0]
13;100;26;3.982088724079765;0.8946954572691435;0.6589057940342962;[0]
14;100;26;0.7978546302336195;0.8946954572691435;0.6589057940342962;[0]
15;100;26;1.397198953924858;0.8946954572691435;0.6589057940342962;[0]
16;100;26;0.7119952905807827;0.8946954572691435;0.6589057940342962;[0]
17;100;26;0.0;0.8946954572691435;0.6589057940342962;[0]
18;100;26;0.9891520104316252;0.8946954572691435;0.6589057940342962;[0]
19;100;26;1.5625884294292842;0.8946954572691435;0.6589057940342962;[0]
20;100;26;0.9486617663564142;0.8946954572691435;0.6589057940342962;[0]
21;100;26;1.207991989866511;0.8946954572691435;0.6589057940342962;[0]
22;100;26;3.465742701909067;0.8946954572691435;0.6589057940342962;[0]
23;100;26;3.7482798244030406;0.8946954572691435;0.6589057940342962;[0]
24;100;26;5.28385110494218;0.8946954572691435;0.6589057940342962;[0]
0;100;27;5.100489098613423;1.7148745158486833;2.1762381277996288;[0]
1;100;27;32.911734455895356;1.7148745158486833;2.1762381277996288;[0]
2;100;27;17.339280116033322;1.7148745158486833;2.1762381277996288;[0]
3;100;27;0.7631574999065354;1.7148745158486833;2.1762381277996288;[0]
4;100;27;3.5948516964380923;1.7148745158486833;2.1762381277996288;[0]
5;100;27;0.0;1.7148745158486833;2.1762381277996288;[0]
6;100;27;1.5073702001078797;1.7148745158486833;2.1762381277996288;[0]
7;100;27;0.3800645691909339;1.7148745158486833;2.1762381277996288;[0]
8;100;27;0.7141378158881793;1.7148745158486833;2.1762381277996288;[0]
9;100;27;0.8417240877713545;1.7148745158486833;2.1762381277996288;[0]
10;100;27;0.0;1.7148745158486833;2.1762381277996288;[0]
11;100;27;2.5393977793223015;1.7148745158486833;2.1762381277996288;[0]
12;100;27;0.0;1.7148745158486833;2.1762381277996288;[0]
13;100;27;0.0;1.7148745158486833;2.1762381277996288;[0]
14;100;27;0.0;1.7148745158486833;2.1762381277996288;[0]
15;100;27;0.0;1.7148745158486833;2.1762381277996288;[0]
16;100;27;0.5913272443575999;1.7148745158486833;2.1762381277996288;[0]
17;100;27;0.09196441349539605;1.7148745158486833;2.1762381277996288;[0]
18;100;27;4.909202242017065;1.7148745158486833;2.1762381277996288;[0]
19;100;27;0.0;1.7148745158486833;2.1762381277996288;[0]
20;100;27;2.8421526431481086;1.7148745158486833;2.1762381277996288;[0]
21;100;27;0.07594462090044275;1.7148745158486833;2.1762381277996288;[0]
22;100;27;3.311831982399616;1.7148745158486833;2.1762381277996288;[0]
23;100;27;0.0180493871155558;1.7148745158486833;2.1762381277996288;[0]
24;100;27;0.0;1.7148745158486833;2.1762381277996288;[0]
0;100;28;0.6838693151055073;0.9662603502565936;1.8861782304399757;[0]
1;100;28;40.06834862203152;0.9662603502565936;1.8861782304399757;[0]
2;100;28;22.725870368531837;0.9662603502565936;1.8861782304399757;[0]
3;100;28;7.574178657226504;0.9662603502565936;1.8861782304399757;[0]
4;100;28;3.357289998881706;0.9662603502565936;1.8861782304399757;[0]
5;100;28;0.7083413249374906;0.9662603502565936;1.8861782304399757;[0]
6;100;28;0.629874520829953;0.9662603502565936;1.8861782304399757;[0]
7;100;28;2.296581120654224;0.9662603502565936;1.8861782304399757;[0]
8;100;28;4.3704773446747165;0.9662603502565936;1.8861782304399757;[0]
9;100;28;4.157978839920938;0.9662603502565936;1.8861782304399757;[0]
10;100;28;0.15234830153261575;0.9662603502565936;1.8861782304399757;[0]
11;100;28;0.9354277336980408;0.9662603502565936;1.8861782304399757;[0]
12;100;28;0.43783601710138875;0.9662603502565936;1.8861782304399757;[0]
13;100;28;0.0;0.9662603502565936;1.8861782304399757;[0]
14;100;28;1.547020079148406;0.9662603502565936;1.8861782304399757;[0]
15;100;28;2.649673551989237;0.9662603502565936;1.8861782304399757;[0]
16;100;28;0.6580988349418663;0.9662603502565936;1.8861782304399757;[0]
17;100;28;1.1709171702168228;0.9662603502565936;1.8861782304399757;[0]
18;100;28;3.6921129437040934;0.9662603502565936;1.8861782304399757;[0]
19;100;28;4.5081913182369915;0.9662603502565936;1.8861782304399757;[0]
20;100;28;2.5744476917975603;0.9662603502565936;1.8861782304399757;[0]
21;100;28;6.376647268821018;0.9662603502565936;1.8861782304399757;[0]
22;100;28;0.6058192661466345;0.9662603502565936;1.8861782304399757;[0]
23;100;28;0.4450765010711558;0.9662603502565936;1.8861782304399757;[0]
24;100;28;2.0513347034177665;0.9662603502565936;1.8861782304399757;[0]
0;100;29;2.965375791606585;0.4506981784700408;1.5725664658377565;[0]
1;100;29;19.676246769772188;0.4506981784700408;1.5725664658377565;[0]
2;100;29;29.849630514929903;0.4506981784700408;1.5725664658377565;[0]
3;100;29;16.90912810668582;0.4506981784700408;1.5725664658377565;[0]
4;100;29;12.62932123214617;0.4506981784700408;1.5725664658377565;[0]
5;100;29;4.691195150349475;0.4506981784700408;1.5725664658377565;[0]
6;100;29;0.9609072957066918;0.4506981784700408;1.5725664658377565;[0]
7;100;29;2.7492707405692856;0.4506981784700408;1.5725664658377565;[0]
8;100;29;3.268014939245055;0.4506981784700408;1.5725664658377565;[0]
9;100;29;5.0704156208991025;0.4506981784700408;1.5725664658377565;[0]
10;100;29;2.398106392721535;0.4506981784700408;1.5725664658377565;[0]
11;100;29;0.4459897152308584;0.4506981784700408;1.5725664658377565;[0]
12;100;29;1.823350368756862;0.4506981784700408;1.5725664658377565;[0]
13;100;29;0.8718269854758325;0.4506981784700408;1.5725664658377565;[0]
14;100;29;2.1539056342917973;0.4506981784700408;1.5725664658377565;[0]
15;100;29;0.5855498157749213;0.4506981784700408;1.5725664658377565;[0]
16;100;29;0.0;0.4506981784700408;1.5725664658377565;[0]
17;100;29;0.04079042483531935;0.4506981784700408;1.5725664658377565;[0]
18;100;29;0.0;0.4506981784700408;1.5725664658377565;[0]
19;100;29;0.8304441743826483;0.4506981784700408;1.5725664658377565;[0]
20;100;29;3.283145921622035;0.4506981784700408;1.5725664658377565;[0]
21;100;29;0.0;0.4506981784700408;1.5725664658377565;[0]
22;100;29;1.3337756661598532;0.4506981784700408;1.5725664658377565;[0]
23;100;29;0.05524163342427188;0.4506981784700408;1.5725664658377565;[0]
24;100;29;0.0;0.4506981784700408;1.5725664658377565;[0]
0;100;30;2.760976829119026;0.896337669752924;1.8335296400682901;[0]
1;100;30;35.58800269111698;0.896337669752924;1.8335296400682901;[0]
2;100;30;18.983723330108777;0.896337669752924;1.8335296400682901;[0]
3;100;30;9.20035898026007;0.896337669752924;1.8335296400682901;[0]
4;100;30;10.847845418234115;0.896337669752924;1.8335296400682901;[0]
5;100;30;4.386110358914177;0.896337669752924;1.8335296400682901;[0]
6;100;30;5.134427845582131;0.896337669752924;1.8335296400682901;[0]
7;100;30;0.0;0.896337669752924;1.8335296400682901;[0]
8;100;30;0.0;0.896337669752924;1.8335296400682901;[0]
9;100;30;0.4167150920556081;0.896337669752924;1.8335296400682901;[0]
10;100;30;0.10013753190658359;0.896337669752924;1.8335296400682901;[0]
11;100;30;0.0;0.896337669752924;1.8335296400682901;[0]
12;100;30;2.409418990849664;0.896337669752924;1.8335296400682901;[0]
13;100;30;1.495537229752721;0.896337669752924;1.8335296400682901;[0]
14;100;30;0.9981521863867152;0.896337669752924;1.8335296400682901;[0]
15;100;30;0.0820594600308526;0.896337669752924;1.8335296400682901;[0]
16;100;30;2.887495206832969;0.896337669752924;1.8335296400682901;[0]
17;100;30;0.3709921887182728;0.896337669752924;1.8335296400682901;[0]
18;100;30;3.402297472004162;0.896337669752924;1.8335296400682901;[0]
19;100;30;4.837321780022823;0.896337669752924;1.8335296400682901;[0]
20;100;30;1.5270188916812761;0.896337669752924;1.8335296400682901;[0]
21;100;30;0.26775801993014237;0.896337669752924;1.8335296400682901;[0]
22;100;30;0.19543483312872184;0.896337669752924;1.8335296400682901;[0]
23;100;30;0.0;0.896337669752924;1.8335296400682901;[0]
24;100;30;2.17381033598386;0.896337669752924;1.8335296400682901;[0]
0;100;31;1.065181054082637;0.9450974092091782;1.2365566769900287;[0]
1;100;31;50.252040486343596;0.9450974092091782;1.2365566769900287;[0]
2;100;31;35.268128285115715;0.9450974092091782;1.2365566769900287;[0]
3;100;31;21.19792763354235;0.9450974092091782;1.2365566769900287;[0]
4;100;31;5.830655744757685;0.9450974092091782;1.2365566769900287;[0]
5;100;31;11.58740015720701;0.9450974092091782;1.2365566769900287;[0]
6;100;31;0.6935801688531675;0.9450974092091782;1.2365566769900287;[0]
7;100;31;0.8534548573552709;0.9450974092091782;1.2365566769900287;[0]
8;100;31;6.188756264610231;0.9450974092091782;1.2365566769900287;[0]
9;100;31;3.2330806512477896;0.9450974092091782;1.2365566769900287;[0]
10;100;31;1.5957791554452472;0.9450974092091782;1.2365566769900287;[0]
11;100;31;0.0;0.9450974092091782;1.2365566769900287;[0]
12;100;31;1.1427251299723693;0.9450974092091782;1.2365566769900287;[0]
13;100;31;1.25309227471416;0.9450974092091782;1.2365566769900287;[0]
14;100;31;2.665162262619845;0.9450974092091782;1.2365566769900287;[0]
15;100;31;0.0951593873881515;0.9450974092091782;1.2365566769900287;[0]
16;100;31;0.0;0.9450974092091782;1.2365566769900287;[0]
17;100;31;0.8003493584769051;0.9450974092091782;1.2365566769900287;[0]
18;100;31;0.07682209128507228;0.9450974092091782;1.2365566769900287;[0]
19;100;31;0.1876503884556125;0.9450974092091782;1.2365566769900287;[0]
20;100;31;1.8758928465455649;0.9450974092091782;1.2365566769900287;[0]
21;100;31;2.1201513641765874;0.9450974092091782;1.2365566769900287;[0]
22;100;31;0.22702708431031549;0.9450974092091782;1.2365566769900287;[0]
23;100;31;1.0314398804962661;0.9450974092091782;1.2365566769900287;[0]
24;100;31;3.497904499315199;0.9450974092091782;1.2365566769900287;[0]
0;100;32;1.284119489921674;0.5771914467558086;1.5906621600490867;[0]
1;100;32;30.384619368599747;0.5771914467558086;1.5906621600490867;[0]
2;100;32;26.07612200150939;0.5771914467558086;1.5906621600490867;[0]
3;100;32;13.538851292028276;0.5771914467558086;1.5906621600490867;[0]
4;100;32;4.614925689814541;0.5771914467558086;1.5906621600490867;[0]
5;100;32;9.17475917267683;0.5771914467558086;1.5906621600490867;[0]
6;100;32;2.1995035180874467;0.5771914467558086;1.5906621600490867;[0]
7;100;32;6.575030224984267;0.5771914467558086;1.5906621600490867;[0]
8;100;32;0.0;0.5771914467558086;1.5906621600490867;[0]
9;100;32;6.206593297503328;0.5771914467558086;1.5906621600490867;[0]
10;100;32;0.0;0.5771914467558086;1.5906621600490867;[0]
11;100;32;0.29289323736094136;0.5771914467558086;1.5906621600490867;[0]
12;100;32;1.5055159639788769;0.5771914467558086;1.5906621600490867;[0]
13;100;32;1.7408041824875577;0.5771914467558086;1.5906621600490867;[0]
14;100;32;0.9712060953940685;0.5771914467558086;1.5906621600490867;[0]
15;100;32;0.0;0.5771914467558086;1.5906621600490867;[0]
16;100;32;0.0;0.5771914467558086;1.5906621600490867;[0]
17;100;32;0.0;0.5771914467558086;1.5906621600490867;[0]
18;100;32;0.7413119025362216;0.5771914467558086;1.5906621600490867;[0]
19;100;32;0.0;0.5771914467558086;1.5906621600490867;[0]
20;100;32;0.0;0.5771914467558086;1.5906621600490867;[0]
21;100;32;0.45766202048345345;0.5771914467558086;1.5906621600490867;[0]
22;100;32;0.0;0.5771914467558086;1.5906621600490867;[0]
23;100;32;0.2911332292796448;0.5771914467558086;1.5906621600490867;[0]
24;100;32;0.0;0.5771914467558086;1.5906621600490867;[0]
0;100;33;0.0;0.9209407308821714;1.6510916580317994;[0]
1;100;33;34.715599956294625;0.9209407308821714;1.6510916580317994;[0]
2;100;33;16.596297647556547;0.9209407308821714;1.6510916580317994;[0]
3;100;33;18.08566946399546;0.9209407308821714;1.6510916580317994;[0]
4;100;33;5.053253294802865;0.9209407308821714;1.6510916580317994;[0]
5;100;33;7.169373519312929;0.9209407308821714;1.6510916580317994;[0]
6;100;33;3.7244896374023275;0.9209407308821714;1.6510916580317994;[0]
7;100;33;0.0;0.9209407308821714;1.6510916580317994;[0]
8;100;33;2.989325592934497;0.9209407308821714;1.6510916580317994;[0]
9;100;33;1.2220463116671283;0.9209407308821714;1.6510916580317994;[0]
10;100;33;0.0;0.9209407308821714;1.6510916580317994;[0]
11;100;33;2.451530251900861;0.9209407308821714;1.6510916580317994;[0]
12;100;33;1.2042750209666293;0.9209407308821714;1.6510916580317994;[0]
13;100;33;1.3652375570539144;0.9209407308821714;1.6510916580317994;[0]
14;100;33;3.3310005868652164;0.9209407308821714;1.6510916580317994;[0]
15;100;33;0.6260392987437141;0.9209407308821714;1.6510916580317994;[0]
16;100;33;2.4011020629731616;0.9209407308821714;1.6510916580317994;[0]
17;100;33;0.9650107483338233;0.9209407308821714;1.6510916580317994;[0]
18;100;33;0.0;0.9209407308821714;1.6510916580317994;[0]
19;100;33;0.4354430790726116;0.9209407308821714;1.6510916580317994;[0]
20;100;33;0.41101693219579377;0.9209407308821714;1.6510916580317994;[0]
21;100;33;0.0;0.9209407308821714;1.6510916580317994;[0]
22;100;33;0.0;0.9209407308821714;1.6510916580317994;[0]
23;100;33;2.3515463282271205;0.9209407308821714;1.6510916580317994;[0]
24;100;33;1.9295802073565556;0.9209407308821714;1.6510916580317994;[0]
0;100;34;0.0;0.3690596027575675;1.3369726258625125;[0]
1;100;34;14.727273113571243;0.3690596027575675;1.3369726258625125;[0]
2;100;34;25.584470635424484;0.3690596027575675;1.3369726258625125;[0]
3;100;34;17.58162568413177;0.3690596027575675;1.3369726258625125;[0]
4;100;34;18.745823249438985;0.3690596027575675;1.3369726258625125;[0]
5;100;34;12.331555533344043;0.3690596027575675;1.3369726258625125;[0]
6;100;34;3.3802057671493646;0.3690596027575675;1.3369726258625125;[0]
7;100;34;3.190881832080979;0.3690596027575675;1.3369726258625125;[0]
8;100;34;0.5283698876519587;0.3690596027575675;1.3369726258625125;[0]
9;100;34;4.30891074479317;0.3690596027575675;1.3369726258625125;[0]
10;100;34;0.892759061666754;0.3690596027575675;1.3369726258625125;[0]
11;100;34;0.0;0.3690596027575675;1.3369726258625125;[0]
12;100;34;2.4322715947472053;0.3690596027575675;1.3369726258625125;[0]
13;100;34;2.9914323005620322;0.3690596027575675;1.3369726258625125;[0]
14;100;34;4.564499119582974;0.3690596027575675;1.3369726258625125;[0]
15;100;34;5.038380893348359;0.3690596027575675;1.3369726258625125;[0]
16;100;34;1.8535158947420693;0.3690596027575675;1.3369726258625125;[0]
17;100;34;0.0;0.3690596027575675;1.3369726258625125;[0]
18;100;34;0.8069586413198558;0.3690596027575675;1.3369726258625125;[0]
19;100;34;3.7667863550441827;0.3690596027575675;1.3369726258625125;[0]
20;100;34;4.091315344476641;0.3690596027575675;1.3369726258625125;[0]
21;100;34;1.3487803839272319;0.3690596027575675;1.3369726258625125;[0]
22;100;34;1.2610426641824342;0.3690596027575675;1.3369726258625125;[0]
23;100;34;3.8325227552454733;0.3690596027575675;1.3369726258625125;[0]
24;100;34;3.429046004512821;0.3690596027575675;1.3369726258625125;[0]
0;100;35;2.0041480264454874;0.30232057307325216;1.9786504955562092;[0]
1;100;35;9.846976513477992;0.30232057307325216;1.9786504955562092;[0]
2;100;35;12.102795830859955;0.30232057307325216;1.9786504955562092;[0]
3;100;35;18.410434015982194;0.30232057307325216;1.9786504955562092;[0]
4;100;35;11.616583765180795;0.30232057307325216;1.9786504955562092;[0]
5;100;35;8.094122904742116;0.30232057307325216;1.9786504955562092;[0]
6;100;35;9.893627518492828;0.30232057307325216;1.9786504955562092;[0]
7;100;35;2.7450731041929233;0.30232057307325216;1.9786504955562092;[0]
8;100;35;4.1150634829280115;0.30232057307325216;1.9786504955562092;[0]
9;100;35;3.2652211272526546;0.30232057307325216;1.9786504955562092;[0]
10;100;35;5.528910786209277;0.30232057307325216;1.9786504955562092;[0]
11;100;35;1.0561019984871662;0.30232057307325216;1.9786504955562092;[0]
12;100;35;3.6694119002224297;0.30232057307325216;1.9786504955562092;[0]
13;100;35;3.6190170737567153;0.30232057307325216;1.9786504955562092;[0]
14;100;35;1.0811608391859686;0.30232057307325216;1.9786504955562092;[0]
15;100;35;1.3124536159781717;0.30232057307325216;1.9786504955562092;[0]
16;100;35;0.0;0.30232057307325216;1.9786504955562092;[0]
17;100;35;0.0;0.30232057307325216;1.9786504955562092;[0]
18;100;35;0.0;0.30232057307325216;1.9786504955562092;[0]
19;100;35;5.532813894535886;0.30232057307325216;1.9786504955562092;[0]
20;100;35;2.720991517470217;0.30232057307325216;1.9786504955562092;[0]
21;100;35;0.11952798329253812;0.30232057307325216;1.9786504955562092;[0]
22;100;35;4.667134117296004;0.30232057307325216;1.9786504955562092;[0]
23;100;35;1.0959921939332706;0.30232057307325216;1.9786504955562092;[0]
24;100;35;0.0;0.30232057307325216;1.9786504955562092;[0]
0;100;36;0.0;0.5916677229520642;2.7252519168964633;[0]
1;100;36;18.614049270010863;0.5916677229520642;2.7252519168964633;[0]
2;100;36;18.22780047211879;0.5916677229520642;2.7252519168964633;[0]
3;100;36;10.850815120068646;0.5916677229520642;2.7252519168964633;[0]
4;100;36;4.870992021219286;0.5916677229520642;2.7252519168964633;[0]
5;100;36;0.9794316054013579;0.5916677229520642;2.7252519168964633;[0]
6;100;36;1.3759772396119128;0.5916677229520642;2.7252519168964633;[0]
7;100;36;0.7029404928561986;0.5916677229520642;2.7252519168964633;[0]
8;100;36;1.0355150254397263;0.5916677229520642;2.7252519168964633;[0]
9;100;36;1.1631220522240877;0.5916677229520642;2.7252519168964633;[0]
10;100;36;2.8191166339433518;0.5916677229520642;2.7252519168964633;[0]
11;100;36;1.7877700887254084;0.5916677229520642;2.7252519168964633;[0]
12;100;36;0.0;0.5916677229520642;2.7252519168964633;[0]
13;100;36;0.9830200294398389;0.5916677229520642;2.7252519168964633;[0]
14;100;36;0.0;0.5916677229520642;2.7252519168964633;[0]
15;100;36;0.044651124536215434;0.5916677229520642;2.7252519168964633;[0]
16;100;36;0.0;0.5916677229520642;2.7252519168964633;[0]
17;100;36;0.0;0.5916677229520642;2.7252519168964633;[0]
18;100;36;1.6331525290337794;0.5916677229520642;2.7252519168964633;[0]
19;100;36;1.0779793266880051;0.5916677229520642;2.7252519168964633;[0]
20;100;36;1.7333123320514265;0.5916677229520642;2.7252519168964633;[0]
21;100;36;2.31337797375052;0.5916677229520642;2.7252519168964633;[0]
22;100;36;0.7854161401316673;0.5916677229520642;2.7252519168964633;[0]
23;100;36;0.0;0.5916677229520642;2.7252519168964633;[0]
24;100;36;0.0;0.5916677229520642;2.7252519168964633;[0]
0;100;37;3.6056368732336503;0.6084833081592326;1.89790104260961;[0]
1;100;37;32.07196228506258;0.6084833081592326;1.89790104260961;[0]
2;100;37;26.68140055134318;0.6084833081592326;1.89790104260961;[0]
3;100;37;14.121943252449459;0.6084833081592326;1.89790104260961;[0]
4;100;37;5.381703251121694;0.6084833081592326;1.89790104260961;[0]
5;100;37;4.05719876352066;0.6084833081592326;1.89790104260961;[0]
6;100;37;1.8657429968483559;0.6084833081592326;1.89790104260961;[0]
7;100;37;0.0;0.6084833081592326;1.89790104260961;[0]
8;100;37;1.6882234165994703;0.6084833081592326;1.89790104260961;[0]
9;100;37;1.1935421917741473;0.6084833081592326;1.89790104260961;[0]
10;100;37;0.439956061116909;0.6084833081592326;1.89790104260961;[0]
11;100;37;1.9359319272644602;0.6084833081592326;1.89790104260961;[0]
12;100;37;2.04728526377577;0.6084833081592326;1.89790104260961;[0]
13;100;37;3.9590713303771357;0.6084833081592326;1.89790104260961;[0]
14;100;37;0.17254883072125926;0.6084833081592326;1.89790104260961;[0]
15;100;37;0.7271243052554941;0.6084833081592326;1.89790104260961;[0]
16;100;37;5.019401165011174;0.6084833081592326;1.89790104260961;[0]
17;100;37;0.5705585864204771;0.6084833081592326;1.89790104260961;[0]
18;100;37;1.586480358328018;0.6084833081592326;1.89790104260961;[0]
19;100;37;0.0;0.6084833081592326;1.89790104260961;[0]
20;100;37;0.14779405407586943;0.6084833081592326;1.89790104260961;[0]
21;100;37;0.0;0.6084833081592326;1.89790104260961;[0]
22;100;37;0.25939420508115457;0.6084833081592326;1.89790104260961;[0]
23;100;37;0.0;0.6084833081592326;1.89790104260961;[0]
24;100;37;4.918041900952802;0.6084833081592326;1.89790104260961;[0]
0;100;38;0.0;0.461950189028252;2.478188523365128;[0]
1;100;38;22.029771768002252;0.461950189028252;2.478188523365128;[0]
2;100;38;10.992849517139284;0.461950189028252;2.478188523365128;[0]
3;100;38;4.170868003584898;0.461950189028252;2.478188523365128;[0]
4;100;38;9.067190274560096;0.461950189028252;2.478188523365128;[0]
5;100;38;6.447949425913899;0.461950189028252;2.478188523365128;[0]
6;100;38;1.8459485035876302;0.461950189028252;2.478188523365128;[0]
7;100;38;1.0404821070221701;0.461950189028252;2.478188523365128;[0]
8;100;38;4.080093178557778;0.461950189028252;2.478188523365128;[0]
9;100;38;1.971674576666174;0.461950189028252;2.478188523365128;[0]
10;100;38;4.337647400410595;0.461950189028252;2.478188523365128;[0]
11;100;38;2.408652264592904;0.461950189028252;2.478188523365128;[0]
12;100;38;6.27573233630761;0.461950189028252;2.478188523365128;[0]
13;100;38;1.6375380528405445;0.461950189028252;2.478188523365128;[0]
14;100;38;6.634980373748121;0.461950189028252;2.478188523365128;[0]
15;100;38;3.467884530734449;0.461950189028252;2.478188523365128;[0]
16;100;38;0.08351212385908476;0.461950189028252;2.478188523365128;[0]
17;100;38;4.161885331060387;0.461950189028252;2.478188523365128;[0]
18;100;38;3.0422409852870684;0.461950189028252;2.478188523365128;[0]
19;100;38;0.0;0.461950189028252;2.478188523365128;[0]
20;100;38;0.0;0.461950189028252;2.478188523365128;[0]
21;100;38;0.31701476654249783;0.461950189028252;2.478188523365128;[0]
22;100;38;3.0896211292919618;0.461950189028252;2.478188523365128;[0]
23;100;38;0.0;0.461950189028252;2.478188523365128;[0]
24;100;38;0.42093790729971264;0.461950189028252;2.478188523365128;[0]
0;100;39;0.0;0.6113315792016997;0.9028347960583681;[0]
1;100;39;26.676827329942746;0.6113315792016997;0.9028347960583681;[0]
2;100;39;33.142971186439354;0.6113315792016997;0.9028347960583681;[0]
3;100;39;35.95769090469401;0.6113315792016997;0.9028347960583681;[0]
4;100;39;30.57187029023893;0.6113315792016997;0.9028347960583681;[0]
5;100;39;15.011052948940439;0.6113315792016997;0.9028347960583681;[0]
6;100;39;10.03363431228206;0.6113315792016997;0.9028347960583681;[0]
7;100;39;10.322720863470725;0.6113315792016997;0.9028347960583681;[0]
8;100;39;8.569743371909137;0.6113315792016997;0.9028347960583681;[0]
9;100;39;2.8454063127938074;0.6113315792016997;0.9028347960583681;[0]
10;100;39;3.016889525071906;0.6113315792016997;0.9028347960583681;[0]
11;100;39;0.048085900541250164;0.6113315792016997;0.9028347960583681;[0]
12;100;39;3.2221847213468147;0.6113315792016997;0.9028347960583681;[0]
13;100;39;0.993015491497617;0.6113315792016997;0.9028347960583681;[0]
14;100;39;3.624767492774686;0.6113315792016997;0.9028347960583681;[0]
15;100;39;2.406962033406809;0.6113315792016997;0.9028347960583681;[0]
16;100;39;0.0;0.6113315792016997;0.9028347960583681;[0]
17;100;39;0.5640474790539175;0.6113315792016997;0.9028347960583681;[0]
18;100;39;4.685446687037303;0.6113315792016997;0.9028347960583681;[0]
19;100;39;0.7057601844998895;0.6113315792016997;0.9028347960583681;[0]
20;100;39;3.317005829778844;0.6113315792016997;0.9028347960583681;[0]
21;100;39;3.5341700955855293;0.6113315792016997;0.9028347960583681;[0]
22;100;39;0.0;0.6113315792016997;0.9028347960583681;[0]
23;100;39;0.0;0.6113315792016997;0.9028347960583681;[0]
24;100;39;0.0;0.6113315792016997;0.9028347960583681;[0]
0;100;40;0.0;0.278324688371102;1.03624886736667;[0]
1;100;40;23.191644386649713;0.278324688371102;1.03624886736667;[0]
2;100;40;23.693223982663493;0.278324688371102;1.03624886736667;[0]
3;100;40;22.073126717726453;0.278324688371102;1.03624886736667;[0]
4;100;40;21.393512117084637;0.278324688371102;1.03624886736667;[0]
5;100;40;21.292534230120573;0.278324688371102;1.03624886736667;[0]
6;100;40;9.731012196565894;0.278324688371102;1.03624886736667;[0]
7;100;40;9.972547172641383;0.278324688371102;1.03624886736667;[0]
8;100;40;6.911802310578892;0.278324688371102;1.03624886736667;[0]
9;100;40;7.1689110289252;0.278324688371102;1.03624886736667;[0]
10;100;40;5.562693643814255;0.278324688371102;1.03624886736667;[0]
11;100;40;3.6122173361253367;0.278324688371102;1.03624886736667;[0]
12;100;40;5.041161642499223;0.278324688371102;1.03624886736667;[0]
13;100;40;1.7030518174236349;0.278324688371102;1.03624886736667;[0]
14;100;40;2.2044442757066234;0.278324688371102;1.03624886736667;[0]
15;100;40;0.35118523164718485;0.278324688371102;1.03624886736667;[0]
16;100;40;0.7661221307547259;0.278324688371102;1.03624886736667;[0]
17;100;40;3.1153402933815633;0.278324688371102;1.03624886736667;[0]
18;100;40;1.1491366809700214;0.278324688371102;1.03624886736667;[0]
19;100;40;0.6075872221140974;0.278324688371102;1.03624886736667;[0]
20;100;40;3.9336374317756344;0.278324688371102;1.03624886736667;[0]
21;100;40;0.7370401938116194;0.278324688371102;1.03624886736667;[0]
22;100;40;0.0;0.278324688371102;1.03624886736667;[0]
23;100;40;0.5445519757275794;0.278324688371102;1.03624886736667;[0]
24;100;40;3.168566756555439;0.278324688371102;1.03624886736667;[0]
0;100;41;2.4850826531580292;1.1045161047957694;2.023999459061116;[0]
1;100;41;32.07005075245325;1.1045161047957694;2.023999459061116;[0]
2;100;41;16.692402581826713;1.1045161047957694;2.023999459061116;[0]
3;100;41;0.4732975002616091;1.1045161047957694;2.023999459061116;[0]
4;100;41;4.018065608949234;1.1045161047957694;2.023999459061116;[0]
5;100;41;5.354837222439867;1.1045161047957694;2.023999459061116;[0]
6;100;41;3.195963600541014;1.1045161047957694;2.023999459061116;[0]
7;100;41;0.23962380011715168;1.1045161047957694;2.023999459061116;[0]
8;100;41;1.803404994740044;1.1045161047957694;2.023999459061116;[0]
9;100;41;3.539650156093014;1.1045161047957694;2.023999459061116;[0]
10;100;41;0.0;1.1045161047957694;2.023999459061116;[0]
11;100;41;0.0;1.1045161047957694;2.023999459061116;[0]
12;100;41;2.478403979882608;1.1045161047957694;2.023999459061116;[0]
13;100;41;4.524454178886962;1.1045161047957694;2.023999459061116;[0]
14;100;41;2.6116062328768384;1.1045161047957694;2.023999459061116;[0]
15;100;41;0.995994998911582;1.1045161047957694;2.023999459061116;[0]
16;100;41;0.0;1.1045161047957694;2.023999459061116;[0]
17;100;41;0.0;1.1045161047957694;2.023999459061116;[0]
18;100;41;0.0;1.1045161047957694;2.023999459061116;[0]
19;100;41;0.0;1.1045161047957694;2.023999459061116;[0]
20;100;41;0.0;1.1045161047957694;2.023999459061116;[0]
21;100;41;0.47057102119724037;1.1045161047957694;2.023999459061116;[0]
22;100;41;0.2365635193134835;1.1045161047957694;2.023999459061116;[0]
23;100;41;0.21927251584666874;1.1045161047957694;2.023999459061116;[0]
24;100;41;0.0;1.1045161047957694;2.023999459061116;[0]
0;100;42;7.384949268427962;0.5222306923072083;1.5995086025771221;[0]
1;100;42;26.25540582754023;0.5222306923072083;1.5995086025771221;[0]
2;100;42;24.848782122136043;0.5222306923072083;1.5995086025771221;[0]
3;100;42;17.122477774545718;0.5222306923072083;1.5995086025771221;[0]
4;100;42;7.794514704159229;0.5222306923072083;1.5995086025771221;[0]
5;100;42;2.123088543699005;0.5222306923072083;1.5995086025771221;[0]
6;100;42;1.7002854187401741;0.5222306923072083;1.5995086025771221;[0]
7;100;42;1.774136233359278;0.5222306923072083;1.5995086025771221;[0]
8;100;42;2.7930225049999855;0.5222306923072083;1.5995086025771221;[0]
9;100;42;3.72317835387387;0.5222306923072083;1.5995086025771221;[0]
10;100;42;2.9530496650971134;0.5222306923072083;1.5995086025771221;[0]
11;100;42;1.6681718898660693;0.5222306923072083;1.5995086025771221;[0]
12;100;42;0.6289277852371138;0.5222306923072083;1.5995086025771221;[0]
13;100;42;0.0;0.5222306923072083;1.5995086025771221;[0]
14;100;42;2.9370590534646275;0.5222306923072083;1.5995086025771221;[0]
15;100;42;0.0;0.5222306923072083;1.5995086025771221;[0]
16;100;42;0.531993237664474;0.5222306923072083;1.5995086025771221;[0]
17;100;42;0.0;0.5222306923072083;1.5995086025771221;[0]
18;100;42;0.48551411136940015;0.5222306923072083;1.5995086025771221;[0]
19;100;42;0.0;0.5222306923072083;1.5995086025771221;[0]
20;100;42;4.176649780821092;0.5222306923072083;1.5995086025771221;[0]
21;100;42;3.1787224368011096;0.5222306923072083;1.5995086025771221;[0]
22;100;42;0.14702792159475464;0.5222306923072083;1.5995086025771221;[0]
23;100;42;0.04179121282343593;0.5222306923072083;1.5995086025771221;[0]
24;100;42;0.0;0.5222306923072083;1.5995086025771221;[0]
0;100;43;0.0;0.3668311476513724;1.4767905084812203;[0]
1;100;43;16.488985299816886;0.3668311476513724;1.4767905084812203;[0]
2;100;43;25.823054110144483;0.3668311476513724;1.4767905084812203;[0]
3;100;43;19.431831870346407;0.3668311476513724;1.4767905084812203;[0]
4;100;43;16.797799399901383;0.3668311476513724;1.4767905084812203;[0]
5;100;43;16.158459120811443;0.3668311476513724;1.4767905084812203;[0]
6;100;43;6.6413736237871;0.3668311476513724;1.4767905084812203;[0]
7;100;43;7.537546955724322;0.3668311476513724;1.4767905084812203;[0]
8;100;43;0.7879134499042098;0.3668311476513724;1.4767905084812203;[0]
9;100;43;4.789462130264169;0.3668311476513724;1.4767905084812203;[0]
10;100;43;4.481023364225064;0.3668311476513724;1.4767905084812203;[0]
11;100;43;8.101950009415113;0.3668311476513724;1.4767905084812203;[0]
12;100;43;0.84303967118954;0.3668311476513724;1.4767905084812203;[0]
13;100;43;0.0;0.3668311476513724;1.4767905084812203;[0]
14;100;43;1.0549784485566005;0.3668311476513724;1.4767905084812203;[0]
15;100;43;1.8264237465971802;0.3668311476513724;1.4767905084812203;[0]
16;100;43;0.0;0.3668311476513724;1.4767905084812203;[0]
17;100;43;2.555076593349691;0.3668311476513724;1.4767905084812203;[0]
18;100;43;0.23376876439402067;0.3668311476513724;1.4767905084812203;[0]
19;100;43;10.166512170359963;0.3668311476513724;1.4767905084812203;[0]
20;100;43;1.3952272635693008;0.3668311476513724;1.4767905084812203;[0]
21;100;43;0.0;0.3668311476513724;1.4767905084812203;[0]
22;100;43;0.12397373576631429;0.3668311476513724;1.4767905084812203;[0]
23;100;43;2.8803654472765836;0.3668311476513724;1.4767905084812203;[0]
24;100;43;0.0;0.3668311476513724;1.4767905084812203;[0]
0;100;44;3.72576453419081;0.5812717627260392;1.6918795191489662;[0]
1;100;44;22.939616478847135;0.5812717627260392;1.6918795191489662;[0]
2;100;44;25.44755849820921;0.5812717627260392;1.6918795191489662;[0]
3;100;44;20.197963398520464;0.5812717627260392;1.6918795191489662;[0]
4;100;44;6.878654668983634;0.5812717627260392;1.6918795191489662;[0]
5;100;44;6.639186807240317;0.5812717627260392;1.6918795191489662;[0]
6;100;44;4.286555290283488;0.5812717627260392;1.6918795191489662;[0]
7;100;44;0.0;0.5812717627260392;1.6918795191489662;[0]
8;100;44;2.4780373632795465;0.5812717627260392;1.6918795191489662;[0]
9;100;44;0.0;0.5812717627260392;1.6918795191489662;[0]
10;100;44;0.0;0.5812717627260392;1.6918795191489662;[0]
11;100;44;3.976187437755215;0.5812717627260392;1.6918795191489662;[0]
12;100;44;2.467551490110515;0.5812717627260392;1.6918795191489662;[0]
13;100;44;7.632730970926975;0.5812717627260392;1.6918795191489662;[0]
14;100;44;0.7841357796811183;0.5812717627260392;1.6918795191489662;[0]
15;100;44;0.0;0.5812717627260392;1.6918795191489662;[0]
16;100;44;3.162752975229197;0.5812717627260392;1.6918795191489662;[0]
17;100;44;0.5157690925590122;0.5812717627260392;1.6918795191489662;[0]
18;100;44;0.3522864522987268;0.5812717627260392;1.6918795191489662;[0]
19;100;44;0.0;0.5812717627260392;1.6918795191489662;[0]
20;100;44;2.243810486441043;0.5812717627260392;1.6918795191489662;[0]
21;100;44;7.12002195701003;0.5812717627260392;1.6918795191489662;[0]
22;100;44;0.09402890036945812;0.5812717627260392;1.6918795191489662;[0]
23;100;44;0.0;0.5812717627260392;1.6918795191489662;[0]
24;100;44;0.0;0.5812717627260392;1.6918795191489662;[0]
0;100;45;0.0;1.1274681050428594;0.8365519713119172;[0]
1;100;45;55.03734667268624;1.1274681050428594;0.8365519713119172;[0]
2;100;45;47.86643101073971;1.1274681050428594;0.8365519713119172;[0]
3;100;45;32.94309729750898;1.1274681050428594;0.8365519713119172;[0]
4;100;45;18.561265645883143;1.1274681050428594;0.8365519713119172;[0]
5;100;45;14.06440514343814;1.1274681050428594;0.8365519713119172;[0]
6;100;45;2.659512839077295;1.1274681050428594;0.8365519713119172;[0]
7;100;45;4.282439189695322;1.1274681050428594;0.8365519713119172;[0]
8;100;45;3.682576442828797;1.1274681050428594;0.8365519713119172;[0]
9;100;45;3.4135260532568954;1.1274681050428594;0.8365519713119172;[0]
10;100;45;0.614033878565434;1.1274681050428594;0.8365519713119172;[0]
11;100;45;1.1010520621249882;1.1274681050428594;0.8365519713119172;[0]
12;100;45;2.9446956604358645;1.1274681050428594;0.8365519713119172;[0]
13;100;45;0.0;1.1274681050428594;0.8365519713119172;[0]
14;100;45;2.8076701295934314;1.1274681050428594;0.8365519713119172;[0]
15;100;45;2.4239344467694712;1.1274681050428594;0.8365519713119172;[0]
16;100;45;0.0;1.1274681050428594;0.8365519713119172;[0]
17;100;45;0.0;1.1274681050428594;0.8365519713119172;[0]
18;100;45;0.19645983241113626;1.1274681050428594;0.8365519713119172;[0]
19;100;45;3.7732194550624096;1.1274681050428594;0.8365519713119172;[0]
20;100;45;3.094531755620741;1.1274681050428594;0.8365519713119172;[0]
21;100;45;0.0;1.1274681050428594;0.8365519713119172;[0]
22;100;45;0.0;1.1274681050428594;0.8365519713119172;[0]
23;100;45;1.5256736855791284;1.1274681050428594;0.8365519713119172;[0]
24;100;45;0.4188065638934596;1.1274681050428594;0.8365519713119172;[0]
0;100;46;0.0;0.47668589325640826;1.471555870868327;[0]
1;100;46;26.447591838246154;0.47668589325640826;1.471555870868327;[0]
2;100;46;25.42871241442142;0.47668589325640826;1.471555870868327;[0]
3;100;46;18.466389801033895;0.47668589325640826;1.471555870868327;[0]
4;100;46;6.551212620593316;0.47668589325640826;1.471555870868327;[0]
5;100;46;7.0905277211588675;0.47668589325640826;1.471555870868327;[0]
6;100;46;4.29011025826051;0.47668589325640826;1.471555870868327;[0]
7;100;46;3.3767378482676245;0.47668589325640826;1.471555870868327;[0]
8;100;46;2.405760881589925;0.47668589325640826;1.471555870868327;[0]
9;100;46;0.0;0.47668589325640826;1.471555870868327;[0]
10;100;46;6.003466199564373;0.47668589325640826;1.471555870868327;[0]
11;100;46;0.0;0.47668589325640826;1.471555870868327;[0]
12;100;46;2.6840093623811896;0.47668589325640826;1.471555870868327;[0]
13;100;46;3.030435520261994;0.47668589325640826;1.471555870868327;[0]
14;100;46;2.606832914611648;0.47668589325640826;1.471555870868327;[0]
15;100;46;0.0;0.47668589325640826;1.471555870868327;[0]
16;100;46;0.0;0.47668589325640826;1.471555870868327;[0]
17;100;46;0.45582787298727845;0.47668589325640826;1.471555870868327;[0]
18;100;46;0.4282443379880613;0.47668589325640826;1.471555870868327;[0]
19;100;46;0.0;0.47668589325640826;1.471555870868327;[0]
20;100;46;0.41191103667246626;0.47668589325640826;1.471555870868327;[0]
21;100;46;0.5751478110939071;0.47668589325640826;1.471555870868327;[0]
22;100;46;1.9824110426249137;0.47668589325640826;1.471555870868327;[0]
23;100;46;0.6795180267794314;0.47668589325640826;1.471555870868327;[0]
24;100;46;0.058630707771425185;0.47668589325640826;1.471555870868327;[0]
0;100;47;0.0460507851907519;1.2832679678104548;2.0266947198616894;[0]
1;100;47;38.169147113858095;1.2832679678104548;2.0266947198616894;[0]
2;100;47;13.717019165887612;1.2832679678104548;2.0266947198616894;[0]
3;100;47;9.239663318514811;1.2832679678104548;2.0266947198616894;[0]
4;100;47;0.2314022385435306;1.2832679678104548;2.0266947198616894;[0]
5;100;47;0.0092118370659139;1.2832679678104548;2.0266947198616894;[0]
6;100;47;2.2880507659548552;1.2832679678104548;2.0266947198616894;[0]
7;100;47;1.1914340369551586;1.2832679678104548;2.0266947198616894;[0]
8;100;47;2.1646302240637296;1.2832679678104548;2.0266947198616894;[0]
9;100;47;4.6556239277533855;1.2832679678104548;2.0266947198616894;[0]
10;100;47;1.6560753398910182;1.2832679678104548;2.0266947198616894;[0]
11;100;47;0.0;1.2832679678104548;2.0266947198616894;[0]
12;100;47;0.9387052516969263;1.2832679678104548;2.0266947198616894;[0]
13;100;47;0.9267027700360928;1.2832679678104548;2.0266947198616894;[0]
14;100;47;1.3359509308959547;1.2832679678104548;2.0266947198616894;[0]
15;100;47;2.3190715539471487;1.2832679678104548;2.0266947198616894;[0]
16;100;47;3.7569001281570342;1.2832679678104548;2.0266947198616894;[0]
17;100;47;1.7838576543679643;1.2832679678104548;2.0266947198616894;[0]
18;100;47;2.269701532780305;1.2832679678104548;2.0266947198616894;[0]
19;100;47;0.8582940145298916;1.2832679678104548;2.0266947198616894;[0]
20;100;47;6.661447267473852;1.2832679678104548;2.0266947198616894;[0]
21;100;47;0.0;1.2832679678104548;2.0266947198616894;[0]
22;100;47;2.9317017690112843;1.2832679678104548;2.0266947198616894;[0]
23;100;47;0.09672339706761604;1.2832679678104548;2.0266947198616894;[0]
24;100;47;0.0;1.2832679678104548;2.0266947198616894;[0]
0;100;48;0.0;0.9822895533465615;1.096981698013945;[0]
1;100;48;38.87532913370269;0.9822895533465615;1.096981698013945;[0]
2;100;48;42.219092743514885;0.9822895533465615;1.096981698013945;[0]
3;100;48;33.58568731502601;0.9822895533465615;1.096981698013945;[0]
4;100;48;10.77929881686855;0.9822895533465615;1.096981698013945;[0]
5;100;48;11.899895171035055;0.9822895533465615;1.096981698013945;[0]
6;100;48;5.92713790883532;0.9822895533465615;1.096981698013945;[0]
7;100;48;1.3289175927789474;0.9822895533465615;1.096981698013945;[0]
8;100;48;0.0;0.9822895533465615;1.096981698013945;[0]
9;100;48;0.0;0.9822895533465615;1.096981698013945;[0]
10;100;48;0.0;0.9822895533465615;1.096981698013945;[0]
11;100;48;0.03387473505254423;0.9822895533465615;1.096981698013945;[0]
12;100;48;2.5747439364488582;0.9822895533465615;1.096981698013945;[0]
13;100;48;0.0;0.9822895533465615;1.096981698013945;[0]
14;100;48;3.138837529453861;0.9822895533465615;1.096981698013945;[0]
15;100;48;1.7533170586500344;0.9822895533465615;1.096981698013945;[0]
16;100;48;0.0;0.9822895533465615;1.096981698013945;[0]
17;100;48;3.0878069423227936;0.9822895533465615;1.096981698013945;[0]
18;100;48;0.0;0.9822895533465615;1.096981698013945;[0]
19;100;48;5.20986795890145;0.9822895533465615;1.096981698013945;[0]
20;100;48;0.0;0.9822895533465615;1.096981698013945;[0]
21;100;48;0.0;0.9822895533465615;1.096981698013945;[0]
22;100;48;1.7875770648859666;0.9822895533465615;1.096981698013945;[0]
23;100;48;0.016016645834870027;0.9822895533465615;1.096981698013945;[0]
24;100;48;0.0;0.9822895533465615;1.096981698013945;[0]
0;100;49;0.09708998204895007;0.5166254846282867;1.6605760894409134;[0]
1;100;49;22.574576518022685;0.5166254846282867;1.6605760894409134;[0]
2;100;49;22.72367432107429;0.5166254846282867;1.6605760894409134;[0]
3;100;49;18.629417523201464;0.5166254846282867;1.6605760894409134;[0]
4;100;49;2.3751730877449138;0.5166254846282867;1.6605760894409134;[0]
5;100;49;5.390133096169821;0.5166254846282867;1.6605760894409134;[0]
6;100;49;4.18278722046818;0.5166254846282867;1.6605760894409134;[0]
7;100;49;5.138552500069214;0.5166254846282867;1.6605760894409134;[0]
8;100;49;0.9819864731749766;0.5166254846282867;1.6605760894409134;[0]
9;100;49;0.0;0.5166254846282867;1.6605760894409134;[0]
10;100;49;0.3934077916651474;0.5166254846282867;1.6605760894409134;[0]
11;100;49;1.1136605848983665;0.5166254846282867;1.6605760894409134;[0]
12;100;49;0.0;0.5166254846282867;1.6605760894409134;[0]
13;100;49;0.46545502642343456;0.5166254846282867;1.6605760894409134;[0]
14;100;49;0.8957668522689348;0.5166254846282867;1.6605760894409134;[0]
15;100;49;2.708813694136019;0.5166254846282867;1.6605760894409134;[0]
16;100;49;2.5227909438563993;0.5166254846282867;1.6605760894409134;[0]
17;100;49;0.0;0.5166254846282867;1.6605760894409134;[0]
18;100;49;0.9923729064436593;0.5166254846282867;1.6605760894409134;[0]
19;100;49;0.0;0.5166254846282867;1.6605760894409134;[0]
20;100;49;0.27854468072207716;0.5166254846282867;1.6605760894409134;[0]
21;100;49;0.23450869188489637;0.5166254846282867;1.6605760894409134;[0]
22;100;49;2.050838577908072;0.5166254846282867;1.6605760894409134;[0]
23;100;49;0.1010383583094025;0.5166254846282867;1.6605760894409134;[0]
24;100;49;0.0;0.5166254846282867;1.6605760894409134;[0]
0;100;50;0.0;0.5258341013835981;1.1087299691477135;[0]
1;100;50;36.48615152074789;0.5258341013835981;1.1087299691477135;[0]
2;100;50;33.41255934521193;0.5258341013835981;1.1087299691477135;[0]
3;100;50;32.87321209195642;0.5258341013835981;1.1087299691477135;[0]
4;100;50;24.820516943288077;0.5258341013835981;1.1087299691477135;[0]
5;100;50;7.474016622447456;0.5258341013835981;1.1087299691477135;[0]
6;100;50;1.061940787853263;0.5258341013835981;1.1087299691477135;[0]
7;100;50;5.024970177517692;0.5258341013835981;1.1087299691477135;[0]
8;100;50;6.8114984338603985;0.5258341013835981;1.1087299691477135;[0]
9;100;50;0.924736728174154;0.5258341013835981;1.1087299691477135;[0]
10;100;50;2.1732376480910993;0.5258341013835981;1.1087299691477135;[0]
11;100;50;0.0;0.5258341013835981;1.1087299691477135;[0]
12;100;50;2.0174057355485795;0.5258341013835981;1.1087299691477135;[0]
13;100;50;0.8377770296920307;0.5258341013835981;1.1087299691477135;[0]
14;100;50;1.5480442249251605;0.5258341013835981;1.1087299691477135;[0]
15;100;50;1.750137163839444;0.5258341013835981;1.1087299691477135;[0]
16;100;50;3.93867243004176;0.5258341013835981;1.1087299691477135;[0]
17;100;50;3.9026188469517997;0.5258341013835981;1.1087299691477135;[0]
18;100;50;5.2730641184223135;0.5258341013835981;1.1087299691477135;[0]
19;100;50;0.0;0.5258341013835981;1.1087299691477135;[0]
20;100;50;0.0;0.5258341013835981;1.1087299691477135;[0]
21;100;50;0.0;0.5258341013835981;1.1087299691477135;[0]
22;100;50;1.9668952371332;0.5258341013835981;1.1087299691477135;[0]
23;100;50;0.034438832645388356;0.5258341013835981;1.1087299691477135;[0]
24;100;50;4.478693280550678;0.5258341013835981;1.1087299691477135;[0]
0;100;51;3.972970231248057;0.7910559928026826;2.0597187325224935;[0]
1;100;51;31.39621547751592;0.7910559928026826;2.0597187325224935;[0]
2;100;51;17.839532318542428;0.7910559928026826;2.0597187325224935;[0]
3;100;51;10.845175886570036;0.7910559928026826;2.0597187325224935;[0]
4;100;51;8.938051401635146;0.7910559928026826;2.0597187325224935;[0]
5;100;51;1.9613745517064975;0.7910559928026826;2.0597187325224935;[0]
6;100;51;2.30217925487681;0.7910559928026826;2.0597187325224935;[0]
7;100;51;0.0;0.7910559928026826;2.0597187325224935;[0]
8;100;51;3.2218297987820095;0.7910559928026826;2.0597187325224935;[0]
9;100;51;0.0;0.7910559928026826;2.0597187325224935;[0]
10;100;51;0.0;0.7910559928026826;2.0597187325224935;[0]
11;100;51;1.0668901040609307;0.7910559928026826;2.0597187325224935;[0]
12;100;51;2.3576112344028783;0.7910559928026826;2.0597187325224935;[0]
13;100;51;0.0;0.7910559928026826;2.0597187325224935;[0]
14;100;51;3.6660148188949537;0.7910559928026826;2.0597187325224935;[0]
15;100;51;2.0529717904416;0.7910559928026826;2.0597187325224935;[0]
16;100;51;0.0;0.7910559928026826;2.0597187325224935;[0]
17;100;51;0.0372753105564657;0.7910559928026826;2.0597187325224935;[0]
18;100;51;4.8167489196927695;0.7910559928026826;2.0597187325224935;[0]
19;100;51;0.6204782317311295;0.7910559928026826;2.0597187325224935;[0]
20;100;51;3.3588935991528555;0.7910559928026826;2.0597187325224935;[0]
21;100;51;5.335837932776053;0.7910559928026826;2.0597187325224935;[0]
22;100;51;0.452300479332616;0.7910559928026826;2.0597187325224935;[0]
23;100;51;4.9714944866379565;0.7910559928026826;2.0597187325224935;[0]
24;100;51;0.0;0.7910559928026826;2.0597187325224935;[0]
0;100;52;0.0;0.5379825314946539;1.2085538820317725;[0]
1;100;52;26.298663029159922;0.5379825314946539;1.2085538820317725;[0]
2;100;52;34.203591960893085;0.5379825314946539;1.2085538820317725;[0]
3;100;52;20.194199114767088;0.5379825314946539;1.2085538820317725;[0]
4;100;52;20.178158167064822;0.5379825314946539;1.2085538820317725;[0]
5;100;52;11.321348531830347;0.5379825314946539;1.2085538820317725;[0]
6;100;52;11.751912655094035;0.5379825314946539;1.2085538820317725;[0]
7;100;52;3.7685409197412527;0.5379825314946539;1.2085538820317725;[0]
8;100;52;2.3060064985689834;0.5379825314946539;1.2085538820317725;[0]
9;100;52;1.5760559928690405;0.5379825314946539;1.2085538820317725;[0]
10;100;52;2.4654609479671388;0.5379825314946539;1.2085538820317725;[0]
11;100;52;0.37848900469292646;0.5379825314946539;1.2085538820317725;[0]
12;100;52;1.1539314465140755;0.5379825314946539;1.2085538820317725;[0]
13;100;52;3.300388798887893;0.5379825314946539;1.2085538820317725;[0]
14;100;52;3.70653102778134;0.5379825314946539;1.2085538820317725;[0]
15;100;52;1.8500150647692326;0.5379825314946539;1.2085538820317725;[0]
16;100;52;2.558453578538465;0.5379825314946539;1.2085538820317725;[0]
17;100;52;1.6708920119518067;0.5379825314946539;1.2085538820317725;[0]
18;100;52;0.9836915952161723;0.5379825314946539;1.2085538820317725;[0]
19;100;52;1.6862403890356057;0.5379825314946539;1.2085538820317725;[0]
20;100;52;4.732472355085655;0.5379825314946539;1.2085538820317725;[0]
21;100;52;2.784013083634751;0.5379825314946539;1.2085538820317725;[0]
22;100;52;0.8579151580816642;0.5379825314946539;1.2085538820317725;[0]
23;100;52;1.8967764565542344;0.5379825314946539;1.2085538820317725;[0]
24;100;52;6.158324345140483;0.5379825314946539;1.2085538820317725;[0]
0;100;53;0.0;0.40740134234952585;1.2428474625950385;[0]
1;100;53;21.517550189394086;0.40740134234952585;1.2428474625950385;[0]
2;100;53;25.125273750833173;0.40740134234952585;1.2428474625950385;[0]
3;100;53;19.503008023840984;0.40740134234952585;1.2428474625950385;[0]
4;100;53;13.11627204553212;0.40740134234952585;1.2428474625950385;[0]
5;100;53;11.56801508748108;0.40740134234952585;1.2428474625950385;[0]
6;100;53;7.420803180751793;0.40740134234952585;1.2428474625950385;[0]
7;100;53;9.846911648629256;0.40740134234952585;1.2428474625950385;[0]
8;100;53;0.19362437255922976;0.40740134234952585;1.2428474625950385;[0]
9;100;53;2.189500162362013;0.40740134234952585;1.2428474625950385;[0]
10;100;53;3.5986273795224433;0.40740134234952585;1.2428474625950385;[0]
11;100;53;1.8138575476474639;0.40740134234952585;1.2428474625950385;[0]
12;100;53;1.8196975758519154;0.40740134234952585;1.2428474625950385;[0]
13;100;53;2.018289320925557;0.40740134234952585;1.2428474625950385;[0]
14;100;53;1.6765629283362615;0.40740134234952585;1.2428474625950385;[0]
15;100;53;0.0079398280428312;0.40740134234952585;1.2428474625950385;[0]
16;100;53;0.0;0.40740134234952585;1.2428474625950385;[0]
17;100;53;0.9990157222458509;0.40740134234952585;1.2428474625950385;[0]
18;100;53;0.7270590883708051;0.40740134234952585;1.2428474625950385;[0]
19;100;53;2.655463400494766;0.40740134234952585;1.2428474625950385;[0]
20;100;53;0.0;0.40740134234952585;1.2428474625950385;[0]
21;100;53;0.0;0.40740134234952585;1.2428474625950385;[0]
22;100;53;0.09612378616612414;0.40740134234952585;1.2428474625950385;[0]
23;100;53;0.05764411681654493;0.40740134234952585;1.2428474625950385;[0]
24;100;53;0.45345880444200515;0.40740134234952585;1.2428474625950385;[0]
0;100;54;7.339263334036944;1.1126932021916156;0.39072615718008763;[0]
1;100;54;57.68573284712798;1.1126932021916156;0.39072615718008763;[0]
2;100;54;69.55095281480432;1.1126932021916156;0.39072615718008763;[0]
3;100;54;60.02397031425427;1.1126932021916156;0.39072615718008763;[0]
4;100;54;46.30695836702341;1.1126932021916156;0.39072615718008763;[0]
5;100;54;36.46394143321646;1.1126932021916156;0.39072615718008763;[0]
6;100;54;29.546618315681506;1.1126932021916156;0.39072615718008763;[0]
7;100;54;17.32323358304242;1.1126932021916156;0.39072615718008763;[0]
8;100;54;20.670629917611265;1.1126932021916156;0.39072615718008763;[0]
9;100;54;15.663387045798315;1.1126932021916156;0.39072615718008763;[0]
10;100;54;12.082561125254465;1.1126932021916156;0.39072615718008763;[0]
11;100;54;7.50775207552938;1.1126932021916156;0.39072615718008763;[0]
12;100;54;9.679064737070515;1.1126932021916156;0.39072615718008763;[0]
13;100;54;6.954923044519345;1.1126932021916156;0.39072615718008763;[0]
14;100;54;6.03083690732597;1.1126932021916156;0.39072615718008763;[0]
15;100;54;1.684229004083914;1.1126932021916156;0.39072615718008763;[0]
16;100;54;7.252421266029414;1.1126932021916156;0.39072615718008763;[0]
17;100;54;4.257885521757933;1.1126932021916156;0.39072615718008763;[0]
18;100;54;0.8309576116430556;1.1126932021916156;0.39072615718008763;[0]
19;100;54;1.901330291012246;1.1126932021916156;0.39072615718008763;[0]
20;100;54;2.4948136244889514;1.1126932021916156;0.39072615718008763;[0]
21;100;54;3.8289017020474194;1.1126932021916156;0.39072615718008763;[0]
22;100;54;4.541456781617847;1.1126932021916156;0.39072615718008763;[0]
23;100;54;11.033118083607134;1.1126932021916156;0.39072615718008763;[0]
24;100;54;0.0;1.1126932021916156;0.39072615718008763;[0]
0;100;55;0.0;0.3926700059127036;1.4989835934027451;[0]
1;100;55;20.029016535673293;0.3926700059127036;1.4989835934027451;[0]
2;100;55;23.577669144394854;0.3926700059127036;1.4989835934027451;[0]
3;100;55;18.30291054726852;0.3926700059127036;1.4989835934027451;[0]
4;100;55;13.49907133798914;0.3926700059127036;1.4989835934027451;[0]
5;100;55;5.318831130907426;0.3926700059127036;1.4989835934027451;[0]
6;100;55;7.3283928231224005;0.3926700059127036;1.4989835934027451;[0]
7;100;55;1.555117564024759;0.3926700059127036;1.4989835934027451;[0]
8;100;55;1.7683001014829185;0.3926700059127036;1.4989835934027451;[0]
9;100;55;1.9568611908079174;0.3926700059127036;1.4989835934027451;[0]
10;100;55;1.952701929252692;0.3926700059127036;1.4989835934027451;[0]
11;100;55;4.037430221153363;0.3926700059127036;1.4989835934027451;[0]
12;100;55;0.0;0.3926700059127036;1.4989835934027451;[0]
13;100;55;3.3522186133064524;0.3926700059127036;1.4989835934027451;[0]
14;100;55;0.020645602033999854;0.3926700059127036;1.4989835934027451;[0]
15;100;55;2.2173743010108966;0.3926700059127036;1.4989835934027451;[0]
16;100;55;5.364074064482722;0.3926700059127036;1.4989835934027451;[0]
17;100;55;1.884630869721455;0.3926700059127036;1.4989835934027451;[0]
18;100;55;0.24597692135905694;0.3926700059127036;1.4989835934027451;[0]
19;100;55;0.0;0.3926700059127036;1.4989835934027451;[0]
20;100;55;4.625770605732094;0.3926700059127036;1.4989835934027451;[0]
21;100;55;3.236039707543452;0.3926700059127036;1.4989835934027451;[0]
22;100;55;0.6912849703214414;0.3926700059127036;1.4989835934027451;[0]
23;100;55;2.0614396256217744;0.3926700059127036;1.4989835934027451;[0]
24;100;55;2.773583203124173;0.3926700059127036;1.4989835934027451;[0]
0;100;56;2.815250421941964;0.709497499885052;1.887347977582296;[0]
1;100;56;33.05215988043755;0.709497499885052;1.887347977582296;[0]
2;100;56;17.23622119607457;0.709497499885052;1.887347977582296;[0]
3;100;56;9.13161121359132;0.709497499885052;1.887347977582296;[0]
4;100;56;10.099850099511784;0.709497499885052;1.887347977582296;[0]
5;100;56;1.4151392449166638;0.709497499885052;1.887347977582296;[0]
6;100;56;0.133638107483105;0.709497499885052;1.887347977582296;[0]
7;100;56;0.0;0.709497499885052;1.887347977582296;[0]
8;100;56;7.078543079193022;0.709497499885052;1.887347977582296;[0]
9;100;56;1.281026474333072;0.709497499885052;1.887347977582296;[0]
10;100;56;2.5180598822890974;0.709497499885052;1.887347977582296;[0]
11;100;56;3.020248481917909;0.709497499885052;1.887347977582296;[0]
12;100;56;0.0;0.709497499885052;1.887347977582296;[0]
13;100;56;1.3320091539267336;0.709497499885052;1.887347977582296;[0]
14;100;56;2.3735066410235905;0.709497499885052;1.887347977582296;[0]
15;100;56;3.48768405840376;0.709497499885052;1.887347977582296;[0]
16;100;56;6.104403406459433;0.709497499885052;1.887347977582296;[0]
17;100;56;0.0;0.709497499885052;1.887347977582296;[0]
18;100;56;0.9789274174325715;0.709497499885052;1.887347977582296;[0]
19;100;56;1.213500365753272;0.709497499885052;1.887347977582296;[0]
20;100;56;0.09022113422847289;0.709497499885052;1.887347977582296;[0]
21;100;56;0.0836903346927034;0.709497499885052;1.887347977582296;[0]
22;100;56;0.0;0.709497499885052;1.887347977582296;[0]
23;100;56;5.235707050979044;0.709497499885052;1.887347977582296;[0]
24;100;56;3.8019572042974685;0.709497499885052;1.887347977582296;[0]
0;100;57;5.007149207942431;0.9468602276986205;1.5592878900247067;[0]
1;100;57;38.39010864095806;0.9468602276986205;1.5592878900247067;[0]
2;100;57;30.096563909539952;0.9468602276986205;1.5592878900247067;[0]
3;100;57;15.025012395982731;0.9468602276986205;1.5592878900247067;[0]
4;100;57;3.069155930160213;0.9468602276986205;1.5592878900247067;[0]
5;100;57;1.7588399100825978;0.9468602276986205;1.5592878900247067;[0]
6;100;57;6.1239930158183356;0.9468602276986205;1.5592878900247067;[0]
7;100;57;1.1302545200227754;0.9468602276986205;1.5592878900247067;[0]
8;100;57;4.907019732232696;0.9468602276986205;1.5592878900247067;[0]
9;100;57;0.0;0.9468602276986205;1.5592878900247067;[0]
10;100;57;0.0;0.9468602276986205;1.5592878900247067;[0]
11;100;57;0.0;0.9468602276986205;1.5592878900247067;[0]
12;100;57;5.594125880487607;0.9468602276986205;1.5592878900247067;[0]
13;100;57;1.1700409624467552;0.9468602276986205;1.5592878900247067;[0]
14;100;57;1.4697758165532875;0.9468602276986205;1.5592878900247067;[0]
15;100;57;0.7980353228966623;0.9468602276986205;1.5592878900247067;[0]
16;100;57;0.9475134199932173;0.9468602276986205;1.5592878900247067;[0]
17;100;57;0.2653966669221025;0.9468602276986205;1.5592878900247067;[0]
18;100;57;0.0;0.9468602276986205;1.5592878900247067;[0]
19;100;57;4.891021338684467;0.9468602276986205;1.5592878900247067;[0]
20;100;57;0.04644354447369623;0.9468602276986205;1.5592878900247067;[0]
21;100;57;5.781548264654093;0.9468602276986205;1.5592878900247067;[0]
22;100;57;0.0;0.9468602276986205;1.5592878900247067;[0]
23;100;57;0.0;0.9468602276986205;1.5592878900247067;[0]
24;100;57;0.0;0.9468602276986205;1.5592878900247067;[0]
0;100;58;0.0;0.6144204569946339;1.2612275724148503;[0]
1;100;58;33.190321327758056;0.6144204569946339;1.2612275724148503;[0]
2;100;58;34.931474619257465;0.6144204569946339;1.2612275724148503;[0]
3;100;58;26.267020688038276;0.6144204569946339;1.2612275724148503;[0]
4;100;58;14.933813702958206;0.6144204569946339;1.2612275724148503;[0]
5;100;58;8.363985603881611;0.6144204569946339;1.2612275724148503;[0]
6;100;58;6.195464171374841;0.6144204569946339;1.2612275724148503;[0]
7;100;58;3.7714691992254172;0.6144204569946339;1.2612275724148503;[0]
8;100;58;0.4539654103274646;0.6144204569946339;1.2612275724148503;[0]
9;100;58;0.24066838930147647;0.6144204569946339;1.2612275724148503;[0]
10;100;58;2.1835768939493643;0.6144204569946339;1.2612275724148503;[0]
11;100;58;0.0;0.6144204569946339;1.2612275724148503;[0]
12;100;58;2.273860855438311;0.6144204569946339;1.2612275724148503;[0]
13;100;58;0.3997497821890465;0.6144204569946339;1.2612275724148503;[0]
14;100;58;3.146388812484032;0.6144204569946339;1.2612275724148503;[0]
15;100;58;0.0;0.6144204569946339;1.2612275724148503;[0]
16;100;58;0.0;0.6144204569946339;1.2612275724148503;[0]
17;100;58;3.846634015187526;0.6144204569946339;1.2612275724148503;[0]
18;100;58;0.11410509277204729;0.6144204569946339;1.2612275724148503;[0]
19;100;58;0.5814310102440767;0.6144204569946339;1.2612275724148503;[0]
20;100;58;0.8565132876637995;0.6144204569946339;1.2612275724148503;[0]
21;100;58;5.364454772591813;0.6144204569946339;1.2612275724148503;[0]
22;100;58;3.7341124246372526;0.6144204569946339;1.2612275724148503;[0]
23;100;58;4.747099518444222;0.6144204569946339;1.2612275724148503;[0]
24;100;58;0.0;0.6144204569946339;1.2612275724148503;[0]
0;100;59;0.0;0.9446794614242242;0.998666935934435;[0]
1;100;59;46.89109583349538;0.9446794614242242;0.998666935934435;[0]
2;100;59;48.049487453927526;0.9446794614242242;0.998666935934435;[0]
3;100;59;28.116334716104348;0.9446794614242242;0.998666935934435;[0]
4;100;59;15.92399295982679;0.9446794614242242;0.998666935934435;[0]
5;100;59;11.019810802389953;0.9446794614242242;0.998666935934435;[0]
6;100;59;5.624705444884117;0.9446794614242242;0.998666935934435;[0]
7;100;59;0.0;0.9446794614242242;0.998666935934435;[0]
8;100;59;2.0450644545923873;0.9446794614242242;0.998666935934435;[0]
9;100;59;0.0;0.9446794614242242;0.998666935934435;[0]
10;100;59;0.0;0.9446794614242242;0.998666935934435;[0]
11;100;59;1.4192792517445612;0.9446794614242242;0.998666935934435;[0]
12;100;59;0.0;0.9446794614242242;0.998666935934435;[0]
13;100;59;0.2879827422593818;0.9446794614242242;0.998666935934435;[0]
14;100;59;0.0;0.9446794614242242;0.998666935934435;[0]
15;100;59;2.888094640364621;0.9446794614242242;0.998666935934435;[0]
16;100;59;0.9881554134752962;0.9446794614242242;0.998666935934435;[0]
17;100;59;2.2686183157989994;0.9446794614242242;0.998666935934435;[0]
18;100;59;0.0;0.9446794614242242;0.998666935934435;[0]
19;100;59;0.0;0.9446794614242242;0.998666935934435;[0]
20;100;59;0.34843607126151876;0.9446794614242242;0.998666935934435;[0]
21;100;59;0.0;0.9446794614242242;0.998666935934435;[0]
22;100;59;6.253887527936549;0.9446794614242242;0.998666935934435;[0]
23;100;59;7.975815034751177;0.9446794614242242;0.998666935934435;[0]
24;100;59;0.0;0.9446794614242242;0.998666935934435;[0]
0;100;60;0.0;0.7434346904588982;0.9650538751492694;[0]
1;100;60;39.70158356429496;0.7434346904588982;0.9650538751492694;[0]
2;100;60;41.52667365286938;0.7434346904588982;0.9650538751492694;[0]
3;100;60;25.793933092245425;0.7434346904588982;0.9650538751492694;[0]
4;100;60;22.7067786840651;0.7434346904588982;0.9650538751492694;[0]
5;100;60;7.760188565063931;0.7434346904588982;0.9650538751492694;[0]
6;100;60;4.170829878985791;0.7434346904588982;0.9650538751492694;[0]
7;100;60;7.123504959533335;0.7434346904588982;0.9650538751492694;[0]
8;100;60;3.2086554761349886;0.7434346904588982;0.9650538751492694;[0]
9;100;60;1.447665993020315;0.7434346904588982;0.9650538751492694;[0]
10;100;60;0.0;0.7434346904588982;0.9650538751492694;[0]
11;100;60;0.0;0.7434346904588982;0.9650538751492694;[0]
12;100;60;1.2579186856579165;0.7434346904588982;0.9650538751492694;[0]
13;100;60;1.8487065470026998;0.7434346904588982;0.9650538751492694;[0]
14;100;60;0.8333917059101593;0.7434346904588982;0.9650538751492694;[0]
15;100;60;0.9695267882055932;0.7434346904588982;0.9650538751492694;[0]
16;100;60;2.2168223640077924;0.7434346904588982;0.9650538751492694;[0]
17;100;60;0.7542222761115543;0.7434346904588982;0.9650538751492694;[0]
18;100;60;0.0;0.7434346904588982;0.9650538751492694;[0]
19;100;60;2.118693442935921;0.7434346904588982;0.9650538751492694;[0]
20;100;60;8.766472580092282;0.7434346904588982;0.9650538751492694;[0]
21;100;60;4.151408169200442;0.7434346904588982;0.9650538751492694;[0]
22;100;60;0.0;0.7434346904588982;0.9650538751492694;[0]
23;100;60;3.8711465386642536;0.7434346904588982;0.9650538751492694;[0]
24;100;60;0.0;0.7434346904588982;0.9650538751492694;[0]
0;100;61;1.3121066186973698;1.5413480151275303;2.1820549496159103;[0]
1;100;61;31.63713247176168;1.5413480151275303;2.1820549496159103;[0]
2;100;61;18.778818669240714;1.5413480151275303;2.1820549496159103;[0]
3;100;61;0.30027200660915376;1.5413480151275303;2.1820549496159103;[0]
4;100;61;0.23344753949672625;1.5413480151275303;2.1820549496159103;[0]
5;100;61;0.0;1.5413480151275303;2.1820549496159103;[0]
6;100;61;0.0;1.5413480151275303;2.1820549496159103;[0]
7;100;61;3.8161999548437335;1.5413480151275303;2.1820549496159103;[0]
8;100;61;0.15812533478878038;1.5413480151275303;2.1820549496159103;[0]
9;100;61;1.9222799468183012;1.5413480151275303;2.1820549496159103;[0]
10;100;61;1.7902553512783697;1.5413480151275303;2.1820549496159103;[0]
11;100;61;2.352424800696081;1.5413480151275303;2.1820549496159103;[0]
12;100;61;2.544576942002814;1.5413480151275303;2.1820549496159103;[0]
13;100;61;3.2659161006698825;1.5413480151275303;2.1820549496159103;[0]
14;100;61;0.0;1.5413480151275303;2.1820549496159103;[0]
15;100;61;0.0;1.5413480151275303;2.1820549496159103;[0]
16;100;61;1.7351275465184322;1.5413480151275303;2.1820549496159103;[0]
17;100;61;0.0;1.5413480151275303;2.1820549496159103;[0]
18;100;61;0.042333414073850634;1.5413480151275303;2.1820549496159103;[0]
19;100;61;5.37524390693025;1.5413480151275303;2.1820549496159103;[0]
20;100;61;2.961627429819684;1.5413480151275303;2.1820549496159103;[0]
21;100;61;0.7599345455461928;1.5413480151275303;2.1820549496159103;[0]
22;100;61;3.0194315192670222;1.5413480151275303;2.1820549496159103;[0]
23;100;61;2.6959771848511953;1.5413480151275303;2.1820549496159103;[0]
24;100;61;3.75793061956579;1.5413480151275303;2.1820549496159103;[0]
0;100;62;2.151824470695454;0.6918989599871841;2.0041695933924424;[0]
1;100;62;28.07200183488044;0.6918989599871841;2.0041695933924424;[0]
2;100;62;17.9265792796338;0.6918989599871841;2.0041695933924424;[0]
3;100;62;14.577416872418272;0.6918989599871841;2.0041695933924424;[0]
4;100;62;8.481394068141125;0.6918989599871841;2.0041695933924424;[0]
5;100;62;0.8351931545431643;0.6918989599871841;2.0041695933924424;[0]
6;100;62;2.7328422841854656;0.6918989599871841;2.0041695933924424;[0]
7;100;62;0.0;0.6918989599871841;2.0041695933924424;[0]
8;100;62;3.672669041269863;0.6918989599871841;2.0041695933924424;[0]
9;100;62;0.0;0.6918989599871841;2.0041695933924424;[0]
10;100;62;5.289445254264069;0.6918989599871841;2.0041695933924424;[0]
11;100;62;2.824156203884883;0.6918989599871841;2.0041695933924424;[0]
12;100;62;0.979322132053551;0.6918989599871841;2.0041695933924424;[0]
13;100;62;0.0;0.6918989599871841;2.0041695933924424;[0]
14;100;62;0.0;0.6918989599871841;2.0041695933924424;[0]
15;100;62;2.1185036407979894;0.6918989599871841;2.0041695933924424;[0]
16;100;62;1.4153717221603643;0.6918989599871841;2.0041695933924424;[0]
17;100;62;0.18150339199532933;0.6918989599871841;2.0041695933924424;[0]
18;100;62;1.6818479301362417;0.6918989599871841;2.0041695933924424;[0]
19;100;62;1.042340515073077;0.6918989599871841;2.0041695933924424;[0]
20;100;62;2.469409144053316;0.6918989599871841;2.0041695933924424;[0]
21;100;62;3.2105847485040826;0.6918989599871841;2.0041695933924424;[0]
22;100;62;3.497503489228563;0.6918989599871841;2.0041695933924424;[0]
23;100;62;0.17102084615286883;0.6918989599871841;2.0041695933924424;[0]
24;100;62;0.0;0.6918989599871841;2.0041695933924424;[0]
0;100;63;0.0;0.5186304477317369;1.1181794956287945;[0]
1;100;63;35.42865937111895;0.5186304477317369;1.1181794956287945;[0]
2;100;63;26.542860344123465;0.5186304477317369;1.1181794956287945;[0]
3;100;63;24.377519787069676;0.5186304477317369;1.1181794956287945;[0]
4;100;63;18.87031381079714;0.5186304477317369;1.1181794956287945;[0]
5;100;63;14.532519337554573;0.5186304477317369;1.1181794956287945;[0]
6;100;63;9.900294776007835;0.5186304477317369;1.1181794956287945;[0]
7;100;63;5.746719760697096;0.5186304477317369;1.1181794956287945;[0]
8;100;63;0.579538742997667;0.5186304477317369;1.1181794956287945;[0]
9;100;63;3.0485040511606583;0.5186304477317369;1.1181794956287945;[0]
10;100;63;7.60899714274043;0.5186304477317369;1.1181794956287945;[0]
11;100;63;2.7773819546462564;0.5186304477317369;1.1181794956287945;[0]
12;100;63;3.6341507425729698;0.5186304477317369;1.1181794956287945;[0]
13;100;63;1.47738650810656;0.5186304477317369;1.1181794956287945;[0]
14;100;63;0.0;0.5186304477317369;1.1181794956287945;[0]
15;100;63;0.0;0.5186304477317369;1.1181794956287945;[0]
16;100;63;2.4936828869603254;0.5186304477317369;1.1181794956287945;[0]
17;100;63;0.0;0.5186304477317369;1.1181794956287945;[0]
18;100;63;0.0;0.5186304477317369;1.1181794956287945;[0]
19;100;63;4.437461201808433;0.5186304477317369;1.1181794956287945;[0]
20;100;63;3.0070846859386706;0.5186304477317369;1.1181794956287945;[0]
21;100;63;2.928924985862473;0.5186304477317369;1.1181794956287945;[0]
22;100;63;0.0;0.5186304477317369;1.1181794956287945;[0]
23;100;63;0.19234445322178098;0.5186304477317369;1.1181794956287945;[0]
24;100;63;1.0665985025322167;0.5186304477317369;1.1181794956287945;[0]
0;100;64;1.1029581084456244;0.6848695201101588;2.0003379074128946;[0]
1;100;64;28.08662370286751;0.6848695201101588;2.0003379074128946;[0]
2;100;64;13.516202478788552;0.6848695201101588;2.0003379074128946;[0]
3;100;64;5.114336541276803;0.6848695201101588;2.0003379074128946;[0]
4;100;64;2.6484154319980675;0.6848695201101588;2.0003379074128946;[0]
5;100;64;1.462249942500049;0.6848695201101588;2.0003379074128946;[0]
6;100;64;4.502405715596041;0.6848695201101588;2.0003379074128946;[0]
7;100;64;1.4776586270417496;0.6848695201101588;2.0003379074128946;[0]
8;100;64;1.3562334767751218;0.6848695201101588;2.0003379074128946;[0]
9;100;64;0.7410346031808702;0.6848695201101588;2.0003379074128946;[0]
10;100;64;0.824303805902965;0.6848695201101588;2.0003379074128946;[0]
11;100;64;0.0;0.6848695201101588;2.0003379074128946;[0]
12;100;64;2.4931110076493836;0.6848695201101588;2.0003379074128946;[0]
13;100;64;0.29721583506052573;0.6848695201101588;2.0003379074128946;[0]
14;100;64;2.1095237675905727;0.6848695201101588;2.0003379074128946;[0]
15;100;64;1.2668839132030614;0.6848695201101588;2.0003379074128946;[0]
16;100;64;0.04165902306191468;0.6848695201101588;2.0003379074128946;[0]
17;100;64;2.5959414170254917;0.6848695201101588;2.0003379074128946;[0]
18;100;64;4.860042476573508;0.6848695201101588;2.0003379074128946;[0]
19;100;64;3.0696482407328105;0.6848695201101588;2.0003379074128946;[0]
20;100;64;0.041060825171727704;0.6848695201101588;2.0003379074128946;[0]
21;100;64;0.13893228412454758;0.6848695201101588;2.0003379074128946;[0]
22;100;64;0.0;0.6848695201101588;2.0003379074128946;[0]
23;100;64;2.1799126454273208;0.6848695201101588;2.0003379074128946;[0]
24;100;64;0.0;0.6848695201101588;2.0003379074128946;[0]
0;100;65;0.0;0.9163770103700914;1.4814995587073412;[0]
1;100;65;45.60889857026454;0.9163770103700914;1.4814995587073412;[0]
2;100;65;26.723086783895077;0.9163770103700914;1.4814995587073412;[0]
3;100;65;15.279352236165442;0.9163770103700914;1.4814995587073412;[0]
4;100;65;12.164009226376646;0.9163770103700914;1.4814995587073412;[0]
5;100;65;1.5708331135809352;0.9163770103700914;1.4814995587073412;[0]
6;100;65;6.2504895167817365;0.9163770103700914;1.4814995587073412;[0]
7;100;65;0.9203497424206093;0.9163770103700914;1.4814995587073412;[0]
8;100;65;0.0;0.9163770103700914;1.4814995587073412;[0]
9;100;65;0.5876416761833483;0.9163770103700914;1.4814995587073412;[0]
10;100;65;3.306235078921376;0.9163770103700914;1.4814995587073412;[0]
11;100;65;0.0;0.9163770103700914;1.4814995587073412;[0]
12;100;65;1.9852214982094445;0.9163770103700914;1.4814995587073412;[0]
13;100;65;2.1420949127976217;0.9163770103700914;1.4814995587073412;[0]
14;100;65;1.2680504642407247;0.9163770103700914;1.4814995587073412;[0]
15;100;65;2.734851233648294;0.9163770103700914;1.4814995587073412;[0]
16;100;65;0.0;0.9163770103700914;1.4814995587073412;[0]
17;100;65;0.5448132410963503;0.9163770103700914;1.4814995587073412;[0]
18;100;65;4.228154530532233;0.9163770103700914;1.4814995587073412;[0]
19;100;65;4.894320171065873;0.9163770103700914;1.4814995587073412;[0]
20;100;65;0.29802507945706064;0.9163770103700914;1.4814995587073412;[0]
21;100;65;0.0;0.9163770103700914;1.4814995587073412;[0]
22;100;65;0.31305038344620856;0.9163770103700914;1.4814995587073412;[0]
23;100;65;0.0;0.9163770103700914;1.4814995587073412;[0]
24;100;65;0.0;0.9163770103700914;1.4814995587073412;[0]
0;100;66;0.0;0.9961809822277276;1.7961847781164988;[0]
1;100;66;32.62941600415113;0.9961809822277276;1.7961847781164988;[0]
2;100;66;25.35473941212173;0.9961809822277276;1.7961847781164988;[0]
3;100;66;12.977725992023773;0.9961809822277276;1.7961847781164988;[0]
4;100;66;8.861528050222706;0.9961809822277276;1.7961847781164988;[0]
5;100;66;5.646134094344087;0.9961809822277276;1.7961847781164988;[0]
6;100;66;0.0;0.9961809822277276;1.7961847781164988;[0]
7;100;66;0.0;0.9961809822277276;1.7961847781164988;[0]
8;100;66;1.9137761321501834;0.9961809822277276;1.7961847781164988;[0]
9;100;66;0.0;0.9961809822277276;1.7961847781164988;[0]
10;100;66;2.3000864770784606;0.9961809822277276;1.7961847781164988;[0]
11;100;66;2.5941340593739928;0.9961809822277276;1.7961847781164988;[0]
12;100;66;0.0;0.9961809822277276;1.7961847781164988;[0]
13;100;66;3.5245311762592486;0.9961809822277276;1.7961847781164988;[0]
14;100;66;0.03955554290641801;0.9961809822277276;1.7961847781164988;[0]
15;100;66;0.0;0.9961809822277276;1.7961847781164988;[0]
16;100;66;5.238832690108873;0.9961809822277276;1.7961847781164988;[0]
17;100;66;0.0;0.9961809822277276;1.7961847781164988;[0]
18;100;66;2.362169387504698;0.9961809822277276;1.7961847781164988;[0]
19;100;66;0.0;0.9961809822277276;1.7961847781164988;[0]
20;100;66;2.0292728463088627;0.9961809822277276;1.7961847781164988;[0]
21;100;66;2.455667881765212;0.9961809822277276;1.7961847781164988;[0]
22;100;66;0.056116498210704746;0.9961809822277276;1.7961847781164988;[0]
23;100;66;0.0;0.9961809822277276;1.7961847781164988;[0]
24;100;66;1.6956936277624017;0.9961809822277276;1.7961847781164988;[0]
0;100;67;7.444858993346661;0.6837780564536277;0.9437167661954613;[0]
1;100;67;47.10243621733164;0.6837780564536277;0.9437167661954613;[0]
2;100;67;36.91425211842381;0.6837780564536277;0.9437167661954613;[0]
3;100;67;31.289253603577926;0.6837780564536277;0.9437167661954613;[0]
4;100;67;18.925529649641547;0.6837780564536277;0.9437167661954613;[0]
5;100;67;8.869913295803343;0.6837780564536277;0.9437167661954613;[0]
6;100;67;9.007914791707606;0.6837780564536277;0.9437167661954613;[0]
7;100;67;3.0346117075008303;0.6837780564536277;0.9437167661954613;[0]
8;100;67;3.7158223271485133;0.6837780564536277;0.9437167661954613;[0]
9;100;67;3.9365893646434587;0.6837780564536277;0.9437167661954613;[0]
10;100;67;1.580685249634938;0.6837780564536277;0.9437167661954613;[0]
11;100;67;1.6645840686585187;0.6837780564536277;0.9437167661954613;[0]
12;100;67;1.1140369348800496;0.6837780564536277;0.9437167661954613;[0]
13;100;67;1.1874111678820474;0.6837780564536277;0.9437167661954613;[0]
14;100;67;0.0;0.6837780564536277;0.9437167661954613;[0]
15;100;67;1.078058372474454;0.6837780564536277;0.9437167661954613;[0]
16;100;67;0.0;0.6837780564536277;0.9437167661954613;[0]
17;100;67;0.0;0.6837780564536277;0.9437167661954613;[0]
18;100;67;1.9117560374733413;0.6837780564536277;0.9437167661954613;[0]
19;100;67;0.47748237842601055;0.6837780564536277;0.9437167661954613;[0]
20;100;67;0.08968766176231675;0.6837780564536277;0.9437167661954613;[0]
21;100;67;3.8004277386811873;0.6837780564536277;0.9437167661954613;[0]
22;100;67;4.133692817069746;0.6837780564536277;0.9437167661954613;[0]
23;100;67;0.018864532940113036;0.6837780564536277;0.9437167661954613;[0]
24;100;67;0.8312697185580719;0.6837780564536277;0.9437167661954613;[0]
0;100;68;9.684199646471907;0.30739186115711165;1.1349461722060723;[0]
1;100;68;19.03951289388432;0.30739186115711165;1.1349461722060723;[0]
2;100;68;30.899765616854495;0.30739186115711165;1.1349461722060723;[0]
3;100;68;22.542742814438007;0.30739186115711165;1.1349461722060723;[0]
4;100;68;18.09152768397449;0.30739186115711165;1.1349461722060723;[0]
5;100;68;20.222389126604455;0.30739186115711165;1.1349461722060723;[0]
6;100;68;16.583658251030087;0.30739186115711165;1.1349461722060723;[0]
7;100;68;5.792291259831039;0.30739186115711165;1.1349461722060723;[0]
8;100;68;4.725891930986966;0.30739186115711165;1.1349461722060723;[0]
9;100;68;5.627833363028547;0.30739186115711165;1.1349461722060723;[0]
10;100;68;2.9179858546124686;0.30739186115711165;1.1349461722060723;[0]
11;100;68;4.783219774895198;0.30739186115711165;1.1349461722060723;[0]
12;100;68;0.0;0.30739186115711165;1.1349461722060723;[0]
13;100;68;3.821258719699228;0.30739186115711165;1.1349461722060723;[0]
14;100;68;5.957463148704678;0.30739186115711165;1.1349461722060723;[0]
15;100;68;6.763446504463584;0.30739186115711165;1.1349461722060723;[0]
16;100;68;0.29713314691738313;0.30739186115711165;1.1349461722060723;[0]
17;100;68;1.7936840620070984;0.30739186115711165;1.1349461722060723;[0]
18;100;68;3.87872666588835;0.30739186115711165;1.1349461722060723;[0]
19;100;68;6.036924535627195;0.30739186115711165;1.1349461722060723;[0]
20;100;68;0.0;0.30739186115711165;1.1349461722060723;[0]
21;100;68;0.8854121594648942;0.30739186115711165;1.1349461722060723;[0]
22;100;68;0.9839680564746875;0.30739186115711165;1.1349461722060723;[0]
23;100;68;0.0;0.30739186115711165;1.1349461722060723;[0]
24;100;68;2.6184882691066527;0.30739186115711165;1.1349461722060723;[0]
0;100;69;0.0;0.6351331516610169;0.9748438487768516;[0]
1;100;69;35.92398562288195;0.6351331516610169;0.9748438487768516;[0]
2;100;69;27.39490722671573;0.6351331516610169;0.9748438487768516;[0]
3;100;69;27.051829693080172;0.6351331516610169;0.9748438487768516;[0]
4;100;69;28.555563396322654;0.6351331516610169;0.9748438487768516;[0]
5;100;69;11.041134203919732;0.6351331516610169;0.9748438487768516;[0]
6;100;69;9.713106464815684;0.6351331516610169;0.9748438487768516;[0]
7;100;69;5.176195940919311;0.6351331516610169;0.9748438487768516;[0]
8;100;69;0.5350662371564034;0.6351331516610169;0.9748438487768516;[0]
9;100;69;2.1094477333675217;0.6351331516610169;0.9748438487768516;[0]
10;100;69;0.9416133852073119;0.6351331516610169;0.9748438487768516;[0]
11;100;69;5.125601993019784;0.6351331516610169;0.9748438487768516;[0]
12;100;69;0.0;0.6351331516610169;0.9748438487768516;[0]
13;100;69;1.9139812815635155;0.6351331516610169;0.9748438487768516;[0]
14;100;69;2.6844441418523433;0.6351331516610169;0.9748438487768516;[0]
15;100;69;0.0;0.6351331516610169;0.9748438487768516;[0]
16;100;69;0.0;0.6351331516610169;0.9748438487768516;[0]
17;100;69;0.0;0.6351331516610169;0.9748438487768516;[0]
18;100;69;2.3766976518456824;0.6351331516610169;0.9748438487768516;[0]
19;100;69;6.70797512757287;0.6351331516610169;0.9748438487768516;[0]
20;100;69;3.4913684468351125;0.6351331516610169;0.9748438487768516;[0]
21;100;69;4.3779072339807055;0.6351331516610169;0.9748438487768516;[0]
22;100;69;3.4171641400140516;0.6351331516610169;0.9748438487768516;[0]
23;100;69;0.0;0.6351331516610169;0.9748438487768516;[0]
24;100;69;4.170991681244283;0.6351331516610169;0.9748438487768516;[0]
0;100;70;2.7882381274722934;0.2821225089152485;0.8598431466511393;[0]
1;100;70;21.48816788204133;0.2821225089152485;0.8598431466511393;[0]
2;100;70;23.87060731864748;0.2821225089152485;0.8598431466511393;[0]
3;100;70;31.81225359545594;0.2821225089152485;0.8598431466511393;[0]
4;100;70;18.793998489730328;0.2821225089152485;0.8598431466511393;[0]
5;100;70;10.950296974521285;0.2821225089152485;0.8598431466511393;[0]
6;100;70;17.36999876435521;0.2821225089152485;0.8598431466511393;[0]
7;100;70;17.27805434444164;0.2821225089152485;0.8598431466511393;[0]
8;100;70;16.4835031551996;0.2821225089152485;0.8598431466511393;[0]
9;100;70;4.812160898571481;0.2821225089152485;0.8598431466511393;[0]
10;100;70;3.91186513171157;0.2821225089152485;0.8598431466511393;[0]
11;100;70;9.591249985188572;0.2821225089152485;0.8598431466511393;[0]
12;100;70;3.212588435308409;0.2821225089152485;0.8598431466511393;[0]
13;100;70;2.5319169781746242;0.2821225089152485;0.8598431466511393;[0]
14;100;70;6.325469516073541;0.2821225089152485;0.8598431466511393;[0]
15;100;70;4.142415111840911;0.2821225089152485;0.8598431466511393;[0]
16;100;70;1.7913394965399339;0.2821225089152485;0.8598431466511393;[0]
17;100;70;0.0;0.2821225089152485;0.8598431466511393;[0]
18;100;70;1.6774456095118992;0.2821225089152485;0.8598431466511393;[0]
19;100;70;2.211578714992216;0.2821225089152485;0.8598431466511393;[0]
20;100;70;0.0;0.2821225089152485;0.8598431466511393;[0]
21;100;70;2.175834060657796;0.2821225089152485;0.8598431466511393;[0]
22;100;70;0.0;0.2821225089152485;0.8598431466511393;[0]
23;100;70;0.05990473912093953;0.2821225089152485;0.8598431466511393;[0]
24;100;70;3.990994895633917;0.2821225089152485;0.8598431466511393;[0]
0;100;71;4.416748798482075;1.5132876166366849;0.6003596494591482;[0]
1;100;71;70.44264739428557;1.5132876166366849;0.6003596494591482;[0]
2;100;71;56.197236467624116;1.5132876166366849;0.6003596494591482;[0]
3;100;71;39.87042287937622;1.5132876166366849;0.6003596494591482;[0]
4;100;71;30.43098997258515;1.5132876166366849;0.6003596494591482;[0]
5;100;71;14.64013491426077;1.5132876166366849;0.6003596494591482;[0]
6;100;71;15.237762743562092;1.5132876166366849;0.6003596494591482;[0]
7;100;71;8.804719033876596;1.5132876166366849;0.6003596494591482;[0]
8;100;71;3.5639182293434803;1.5132876166366849;0.6003596494591482;[0]
9;100;71;2.539103139791914;1.5132876166366849;0.6003596494591482;[0]
10;100;71;0.6683529784912532;1.5132876166366849;0.6003596494591482;[0]
11;100;71;0.6412622226063939;1.5132876166366849;0.6003596494591482;[0]
12;100;71;2.5499536487336627;1.5132876166366849;0.6003596494591482;[0]
13;100;71;0.0;1.5132876166366849;0.6003596494591482;[0]
14;100;71;0.9157527487005245;1.5132876166366849;0.6003596494591482;[0]
15;100;71;0.0;1.5132876166366849;0.6003596494591482;[0]
16;100;71;2.369141958698571;1.5132876166366849;0.6003596494591482;[0]
17;100;71;0.0;1.5132876166366849;0.6003596494591482;[0]
18;100;71;2.4583559505876607;1.5132876166366849;0.6003596494591482;[0]
19;100;71;1.462107473403654;1.5132876166366849;0.6003596494591482;[0]
20;100;71;1.226526044557675;1.5132876166366849;0.6003596494591482;[0]
21;100;71;1.999223937922035;1.5132876166366849;0.6003596494591482;[0]
22;100;71;3.968908709940427;1.5132876166366849;0.6003596494591482;[0]
23;100;71;0.010386670812809008;1.5132876166366849;0.6003596494591482;[0]
24;100;71;4.749285067102258;1.5132876166366849;0.6003596494591482;[0]
0;100;72;0.2573927129062581;0.19584831645521236;1.5717364087650216;[0]
1;100;72;18.83684074712191;0.19584831645521236;1.5717364087650216;[0]
2;100;72;10.196844111936924;0.19584831645521236;1.5717364087650216;[0]
3;100;72;14.326264271387473;0.19584831645521236;1.5717364087650216;[0]
4;100;72;7.750689521663986;0.19584831645521236;1.5717364087650216;[0]
5;100;72;15.703475663419818;0.19584831645521236;1.5717364087650216;[0]
6;100;72;2.870216228946041;0.19584831645521236;1.5717364087650216;[0]
7;100;72;8.360065210624246;0.19584831645521236;1.5717364087650216;[0]
8;100;72;9.173827095145409;0.19584831645521236;1.5717364087650216;[0]
9;100;72;9.04718649662681;0.19584831645521236;1.5717364087650216;[0]
10;100;72;7.599574418754862;0.19584831645521236;1.5717364087650216;[0]
11;100;72;5.4565452392194675;0.19584831645521236;1.5717364087650216;[0]
12;100;72;1.1980907358664652;0.19584831645521236;1.5717364087650216;[0]
13;100;72;3.001432264947037;0.19584831645521236;1.5717364087650216;[0]
14;100;72;1.8390268961514726;0.19584831645521236;1.5717364087650216;[0]
15;100;72;5.862880676552723;0.19584831645521236;1.5717364087650216;[0]
16;100;72;0.9735097603287253;0.19584831645521236;1.5717364087650216;[0]
17;100;72;0.788315905894907;0.19584831645521236;1.5717364087650216;[0]
18;100;72;0.3229759955755466;0.19584831645521236;1.5717364087650216;[0]
19;100;72;3.2218707371415096;0.19584831645521236;1.5717364087650216;[0]
20;100;72;0.9833458261451726;0.19584831645521236;1.5717364087650216;[0]
21;100;72;0.6549019819324124;0.19584831645521236;1.5717364087650216;[0]
22;100;72;9.34962562146888;0.19584831645521236;1.5717364087650216;[0]
23;100;72;0.034932649137077505;0.19584831645521236;1.5717364087650216;[0]
24;100;72;1.5837939569450536;0.19584831645521236;1.5717364087650216;[0]
0;100;73;0.0;0.6922677847009776;2.274283669734526;[0]
1;100;73;26.77307674430258;0.6922677847009776;2.274283669734526;[0]
2;100;73;23.456892504119544;0.6922677847009776;2.274283669734526;[0]
3;100;73;10.506529436973032;0.6922677847009776;2.274283669734526;[0]
4;100;73;9.029154916960174;0.6922677847009776;2.274283669734526;[0]
5;100;73;7.791223658070113;0.6922677847009776;2.274283669734526;[0]
6;100;73;1.103237067429813;0.6922677847009776;2.274283669734526;[0]
7;100;73;5.111662359648282;0.6922677847009776;2.274283669734526;[0]
8;100;73;1.3151505484173702;0.6922677847009776;2.274283669734526;[0]
9;100;73;0.0;0.6922677847009776;2.274283669734526;[0]
10;100;73;2.9607345925064843;0.6922677847009776;2.274283669734526;[0]
11;100;73;0.0;0.6922677847009776;2.274283669734526;[0]
12;100;73;4.423052984570665;0.6922677847009776;2.274283669734526;[0]
13;100;73;3.4099993391083707;0.6922677847009776;2.274283669734526;[0]
14;100;73;0.0;0.6922677847009776;2.274283669734526;[0]
15;100;73;0.0;0.6922677847009776;2.274283669734526;[0]
16;100;73;0.0;0.6922677847009776;2.274283669734526;[0]
17;100;73;1.8222830218117798;0.6922677847009776;2.274283669734526;[0]
18;100;73;4.560624620796331;0.6922677847009776;2.274283669734526;[0]
19;100;73;0.0;0.6922677847009776;2.274283669734526;[0]
20;100;73;0.0;0.6922677847009776;2.274283669734526;[0]
21;100;73;0.9880521371072668;0.6922677847009776;2.274283669734526;[0]
22;100;73;0.1725850478998412;0.6922677847009776;2.274283669734526;[0]
23;100;73;3.260286276478805;0.6922677847009776;2.274283669734526;[0]
24;100;73;1.405168084785585;0.6922677847009776;2.274283669734526;[0]
0;100;74;0.0;0.23208278498277563;0.5780960641698364;[0]
1;100;74;16.755208735741164;0.23208278498277563;0.5780960641698364;[0]
2;100;74;33.57348089745398;0.23208278498277563;0.5780960641698364;[0]
3;100;74;21.497299918674308;0.23208278498277563;0.5780960641698364;[0]
4;100;74;27.945970501224952;0.23208278498277563;0.5780960641698364;[0]
5;100;74;26.921002543453756;0.23208278498277563;0.5780960641698364;[0]
6;100;74;24.69426722330362;0.23208278498277563;0.5780960641698364;[0]
7;100;74;19.153072915016015;0.23208278498277563;0.5780960641698364;[0]
8;100;74;16.985803981398757;0.23208278498277563;0.5780960641698364;[0]
9;100;74;19.354598506395064;0.23208278498277563;0.5780960641698364;[0]
10;100;74;12.903872294392666;0.23208278498277563;0.5780960641698364;[0]
11;100;74;14.562906461310245;0.23208278498277563;0.5780960641698364;[0]
12;100;74;4.789993804451528;0.23208278498277563;0.5780960641698364;[0]
13;100;74;8.315212176211555;0.23208278498277563;0.5780960641698364;[0]
14;100;74;4.803429466766551;0.23208278498277563;0.5780960641698364;[0]
15;100;74;7.964036045493733;0.23208278498277563;0.5780960641698364;[0]
16;100;74;0.4483587956905158;0.23208278498277563;0.5780960641698364;[0]
17;100;74;3.8466536230577972;0.23208278498277563;0.5780960641698364;[0]
18;100;74;3.886982550572085;0.23208278498277563;0.5780960641698364;[0]
19;100;74;1.6373279387040238;0.23208278498277563;0.5780960641698364;[0]
20;100;74;2.9866531248340173;0.23208278498277563;0.5780960641698364;[0]
21;100;74;0.2810448169749355;0.23208278498277563;0.5780960641698364;[0]
22;100;74;0.0;0.23208278498277563;0.5780960641698364;[0]
23;100;74;0.0;0.23208278498277563;0.5780960641698364;[0]
24;100;74;0.0;0.23208278498277563;0.5780960641698364;[0]
0;100;75;0.0;0.23257392166152896;0.890056931897991;[0]
1;100;75;17.760632049510257;0.23257392166152896;0.890056931897991;[0]
2;100;75;23.61772265927707;0.23257392166152896;0.890056931897991;[0]
3;100;75;24.580273040013573;0.23257392166152896;0.890056931897991;[0]
4;100;75;19.26758881873882;0.23257392166152896;0.890056931897991;[0]
5;100;75;15.356722926289839;0.23257392166152896;0.890056931897991;[0]
6;100;75;17.68042433228063;0.23257392166152896;0.890056931897991;[0]
7;100;75;12.563147363935748;0.23257392166152896;0.890056931897991;[0]
8;100;75;9.662406926367833;0.23257392166152896;0.890056931897991;[0]
9;100;75;12.459026854908213;0.23257392166152896;0.890056931897991;[0]
10;100;75;6.6576827208815095;0.23257392166152896;0.890056931897991;[0]
11;100;75;9.399474400397107;0.23257392166152896;0.890056931897991;[0]
12;100;75;3.7181102070118848;0.23257392166152896;0.890056931897991;[0]
13;100;75;2.626942157691749;0.23257392166152896;0.890056931897991;[0]
14;100;75;0.5942317928805061;0.23257392166152896;0.890056931897991;[0]
15;100;75;5.842724971145042;0.23257392166152896;0.890056931897991;[0]
16;100;75;7.702171962192342;0.23257392166152896;0.890056931897991;[0]
17;100;75;0.8002094997690387;0.23257392166152896;0.890056931897991;[0]
18;100;75;0.0;0.23257392166152896;0.890056931897991;[0]
19;100;75;0.9460984685662218;0.23257392166152896;0.890056931897991;[0]
20;100;75;0.0;0.23257392166152896;0.890056931897991;[0]
21;100;75;1.6744082322967182;0.23257392166152896;0.890056931897991;[0]
22;100;75;0.3004290379342452;0.23257392166152896;0.890056931897991;[0]
23;100;75;0.0;0.23257392166152896;0.890056931897991;[0]
24;100;75;0.0;0.23257392166152896;0.890056931897991;[0]
0;100;76;3.3686545072019376;1.0272311776900704;0.9786797464003371;[0]
1;100;76;43.4491003998137;1.0272311776900704;0.9786797464003371;[0]
2;100;76;42.682322211988016;1.0272311776900704;0.9786797464003371;[0]
3;100;76;25.961741587957327;1.0272311776900704;0.9786797464003371;[0]
4;100;76;16.761301705674413;1.0272311776900704;0.9786797464003371;[0]
5;100;76;1.6864438676217288;1.0272311776900704;0.9786797464003371;[0]
6;100;76;11.228277220511345;1.0272311776900704;0.9786797464003371;[0]
7;100;76;5.876998544535869;1.0272311776900704;0.9786797464003371;[0]
8;100;76;0.0;1.0272311776900704;0.9786797464003371;[0]
9;100;76;8.287687055856985;1.0272311776900704;0.9786797464003371;[0]
10;100;76;0.9699705227548014;1.0272311776900704;0.9786797464003371;[0]
11;100;76;0.0;1.0272311776900704;0.9786797464003371;[0]
12;100;76;0.9060934468891393;1.0272311776900704;0.9786797464003371;[0]
13;100;76;1.1988774222754104;1.0272311776900704;0.9786797464003371;[0]
14;100;76;0.10907675109721929;1.0272311776900704;0.9786797464003371;[0]
15;100;76;0.0;1.0272311776900704;0.9786797464003371;[0]
16;100;76;0.0;1.0272311776900704;0.9786797464003371;[0]
17;100;76;0.7921156241803239;1.0272311776900704;0.9786797464003371;[0]
18;100;76;0.6752487989008381;1.0272311776900704;0.9786797464003371;[0]
19;100;76;0.0;1.0272311776900704;0.9786797464003371;[0]
20;100;76;6.295716587801687;1.0272311776900704;0.9786797464003371;[0]
21;100;76;0.0;1.0272311776900704;0.9786797464003371;[0]
22;100;76;0.0;1.0272311776900704;0.9786797464003371;[0]
23;100;76;0.11046615274445126;1.0272311776900704;0.9786797464003371;[0]
24;100;76;8.52583240104132;1.0272311776900704;0.9786797464003371;[0]
0;100;77;0.0;0.8448833668778627;0.9873066661492454;[0]
1;100;77;42.68297714476997;0.8448833668778627;0.9873066661492454;[0]
2;100;77;43.97954341587183;0.8448833668778627;0.9873066661492454;[0]
3;100;77;29.543098690060976;0.8448833668778627;0.9873066661492454;[0]
4;100;77;10.265699046460385;0.8448833668778627;0.9873066661492454;[0]
5;100;77;13.755724215276283;0.8448833668778627;0.9873066661492454;[0]
6;100;77;5.523090292406395;0.8448833668778627;0.9873066661492454;[0]
7;100;77;2.9355105324923327;0.8448833668778627;0.9873066661492454;[0]
8;100;77;2.3608861434702275;0.8448833668778627;0.9873066661492454;[0]
9;100;77;0.0;0.8448833668778627;0.9873066661492454;[0]
10;100;77;2.108852900720451;0.8448833668778627;0.9873066661492454;[0]
11;100;77;1.6127293752798315;0.8448833668778627;0.9873066661492454;[0]
12;100;77;3.178392817925893;0.8448833668778627;0.9873066661492454;[0]
13;100;77;2.1528243896201538;0.8448833668778627;0.9873066661492454;[0]
14;100;77;1.4449845149395713;0.8448833668778627;0.9873066661492454;[0]
15;100;77;1.826126393966615;0.8448833668778627;0.9873066661492454;[0]
16;100;77;6.2270535393090345;0.8448833668778627;0.9873066661492454;[0]
17;100;77;0.0;0.8448833668778627;0.9873066661492454;[0]
18;100;77;2.204614835716634;0.8448833668778627;0.9873066661492454;[0]
19;100;77;1.7749639174503398;0.8448833668778627;0.9873066661492454;[0]
20;100;77;1.7922286418906703;0.8448833668778627;0.9873066661492454;[0]
21;100;77;0.0;0.8448833668778627;0.9873066661492454;[0]
22;100;77;0.13831488903722491;0.8448833668778627;0.9873066661492454;[0]
23;100;77;0.0;0.8448833668778627;0.9873066661492454;[0]
24;100;77;0.0;0.8448833668778627;0.9873066661492454;[0]
0;100;78;7.255094092517369;0.7289346784424481;1.2295044780521418;[0]
1;100;78;38.698895119001286;0.7289346784424481;1.2295044780521418;[0]
2;100;78;33.830846133525775;0.7289346784424481;1.2295044780521418;[0]
3;100;78;21.21631057262641;0.7289346784424481;1.2295044780521418;[0]
4;100;78;8.241130789023368;0.7289346784424481;1.2295044780521418;[0]
5;100;78;13.273214180311708;0.7289346784424481;1.2295044780521418;[0]
6;100;78;2.4286976722877296;0.7289346784424481;1.2295044780521418;[0]
7;100;78;8.818633214934222;0.7289346784424481;1.2295044780521418;[0]
8;100;78;0.32520862788879024;0.7289346784424481;1.2295044780521418;[0]
9;100;78;1.9350012277145927;0.7289346784424481;1.2295044780521418;[0]
10;100;78;0.6596729565450927;0.7289346784424481;1.2295044780521418;[0]
11;100;78;2.508804187724558;0.7289346784424481;1.2295044780521418;[0]
12;100;78;2.543357775941438;0.7289346784424481;1.2295044780521418;[0]
13;100;78;0.0;0.7289346784424481;1.2295044780521418;[0]
14;100;78;0.0;0.7289346784424481;1.2295044780521418;[0]
15;100;78;1.9564725530575098;0.7289346784424481;1.2295044780521418;[0]
16;100;78;4.812949794285283;0.7289346784424481;1.2295044780521418;[0]
17;100;78;0.0;0.7289346784424481;1.2295044780521418;[0]
18;100;78;0.0;0.7289346784424481;1.2295044780521418;[0]
19;100;78;0.19000997509251155;0.7289346784424481;1.2295044780521418;[0]
20;100;78;0.03788295312422724;0.7289346784424481;1.2295044780521418;[0]
21;100;78;0.6959130167014116;0.7289346784424481;1.2295044780521418;[0]
22;100;78;2.1855677176632864;0.7289346784424481;1.2295044780521418;[0]
23;100;78;0.0;0.7289346784424481;1.2295044780521418;[0]
24;100;78;0.8960072852141615;0.7289346784424481;1.2295044780521418;[0]
0;100;79;0.0;0.42841238069627874;1.1280883213170518;[0]
1;100;79;24.95693285502308;0.42841238069627874;1.1280883213170518;[0]
2;100;79;29.853891707462605;0.42841238069627874;1.1280883213170518;[0]
3;100;79;26.87823848308342;0.42841238069627874;1.1280883213170518;[0]
4;100;79;20.13095049290404;0.42841238069627874;1.1280883213170518;[0]
5;100;79;16.116692077499103;0.42841238069627874;1.1280883213170518;[0]
6;100;79;9.973702811623532;0.42841238069627874;1.1280883213170518;[0]
7;100;79;1.2654761463912694;0.42841238069627874;1.1280883213170518;[0]
8;100;79;2.1574989666226276;0.42841238069627874;1.1280883213170518;[0]
9;100;79;8.051796125356333;0.42841238069627874;1.1280883213170518;[0]
10;100;79;0.0;0.42841238069627874;1.1280883213170518;[0]
11;100;79;0.307166348634722;0.42841238069627874;1.1280883213170518;[0]
12;100;79;6.096051861044474;0.42841238069627874;1.1280883213170518;[0]
13;100;79;4.161615795943827;0.42841238069627874;1.1280883213170518;[0]
14;100;79;1.8545571329820898;0.42841238069627874;1.1280883213170518;[0]
15;100;79;0.43856271937740426;0.42841238069627874;1.1280883213170518;[0]
16;100;79;3.6953521508030924;0.42841238069627874;1.1280883213170518;[0]
17;100;79;0.0;0.42841238069627874;1.1280883213170518;[0]
18;100;79;1.323483829217825;0.42841238069627874;1.1280883213170518;[0]
19;100;79;0.3112484250293084;0.42841238069627874;1.1280883213170518;[0]
20;100;79;3.867990244619083;0.42841238069627874;1.1280883213170518;[0]
21;100;79;0.36842792374372535;0.42841238069627874;1.1280883213170518;[0]
22;100;79;0.0;0.42841238069627874;1.1280883213170518;[0]
23;100;79;0.03202738918959345;0.42841238069627874;1.1280883213170518;[0]
24;100;79;0.0;0.42841238069627874;1.1280883213170518;[0]
0;100;80;0.0;0.5653732072028033;1.5260460302371883;[0]
1;100;80;29.6347785305045;0.5653732072028033;1.5260460302371883;[0]
2;100;80;24.78111544190403;0.5653732072028033;1.5260460302371883;[0]
3;100;80;18.397612291620412;0.5653732072028033;1.5260460302371883;[0]
4;100;80;13.564463817711495;0.5653732072028033;1.5260460302371883;[0]
5;100;80;8.346513615967979;0.5653732072028033;1.5260460302371883;[0]
6;100;80;2.9257044629106828;0.5653732072028033;1.5260460302371883;[0]
7;100;80;0.0;0.5653732072028033;1.5260460302371883;[0]
8;100;80;0.7026242561958317;0.5653732072028033;1.5260460302371883;[0]
9;100;80;0.0;0.5653732072028033;1.5260460302371883;[0]
10;100;80;0.0;0.5653732072028033;1.5260460302371883;[0]
11;100;80;1.635808618584335;0.5653732072028033;1.5260460302371883;[0]
12;100;80;0.0;0.5653732072028033;1.5260460302371883;[0]
13;100;80;0.0;0.5653732072028033;1.5260460302371883;[0]
14;100;80;0.6025219343581054;0.5653732072028033;1.5260460302371883;[0]
15;100;80;0.0;0.5653732072028033;1.5260460302371883;[0]
16;100;80;0.0;0.5653732072028033;1.5260460302371883;[0]
17;100;80;8.194360808547652;0.5653732072028033;1.5260460302371883;[0]
18;100;80;0.0;0.5653732072028033;1.5260460302371883;[0]
19;100;80;1.4046864024989372;0.5653732072028033;1.5260460302371883;[0]
20;100;80;0.38175516486362093;0.5653732072028033;1.5260460302371883;[0]
21;100;80;0.18292361336286286;0.5653732072028033;1.5260460302371883;[0]
22;100;80;0.11229468295557248;0.5653732072028033;1.5260460302371883;[0]
23;100;80;0.0;0.5653732072028033;1.5260460302371883;[0]
24;100;80;6.307194445658081;0.5653732072028033;1.5260460302371883;[0]
0;100;81;0.0;1.0692130364706256;1.20937829370236;[0]
1;100;81;48.51553299238582;1.0692130364706256;1.20937829370236;[0]
2;100;81;40.30337747668732;1.0692130364706256;1.20937829370236;[0]
3;100;81;22.99522751828919;1.0692130364706256;1.20937829370236;[0]
4;100;81;12.902471372274894;1.0692130364706256;1.20937829370236;[0]
5;100;81;1.175668206862265;1.0692130364706256;1.20937829370236;[0]
6;100;81;0.0;1.0692130364706256;1.20937829370236;[0]
7;100;81;0.3846309437256018;1.0692130364706256;1.20937829370236;[0]
8;100;81;1.0368303446109077;1.0692130364706256;1.20937829370236;[0]
9;100;81;1.684472788120352;1.0692130364706256;1.20937829370236;[0]
10;100;81;0.5672335925363249;1.0692130364706256;1.20937829370236;[0]
11;100;81;0.6196210454955404;1.0692130364706256;1.20937829370236;[0]
12;100;81;1.1800110087816116;1.0692130364706256;1.20937829370236;[0]
13;100;81;0.0;1.0692130364706256;1.20937829370236;[0]
14;100;81;0.0;1.0692130364706256;1.20937829370236;[0]
15;100;81;4.022074452963018;1.0692130364706256;1.20937829370236;[0]
16;100;81;0.8374733291960416;1.0692130364706256;1.20937829370236;[0]
17;100;81;0.0;1.0692130364706256;1.20937829370236;[0]
18;100;81;0.0;1.0692130364706256;1.20937829370236;[0]
19;100;81;1.5414909134296337;1.0692130364706256;1.20937829370236;[0]
20;100;81;0.027949318509320007;1.0692130364706256;1.20937829370236;[0]
21;100;81;1.37080143795077;1.0692130364706256;1.20937829370236;[0]
22;100;81;0.923948669322886;1.0692130364706256;1.20937829370236;[0]
23;100;81;0.0;1.0692130364706256;1.20937829370236;[0]
24;100;81;0.0;1.0692130364706256;1.20937829370236;[0]
0;100;82;0.0;0.46148512695943106;2.1719567976821947;[0]
1;100;82;19.065023195491307;0.46148512695943106;2.1719567976821947;[0]
2;100;82;17.749245250993035;0.46148512695943106;2.1719567976821947;[0]
3;100;82;9.05557199514748;0.46148512695943106;2.1719567976821947;[0]
4;100;82;8.258734257890026;0.46148512695943106;2.1719567976821947;[0]
5;100;82;7.354786937165681;0.46148512695943106;2.1719567976821947;[0]
6;100;82;3.60515131792843;0.46148512695943106;2.1719567976821947;[0]
7;100;82;0.0;0.46148512695943106;2.1719567976821947;[0]
8;100;82;5.1139001650289995;0.46148512695943106;2.1719567976821947;[0]
9;100;82;0.8805828700263778;0.46148512695943106;2.1719567976821947;[0]
10;100;82;0.0;0.46148512695943106;2.1719567976821947;[0]
11;100;82;3.299612057149349;0.46148512695943106;2.1719567976821947;[0]
12;100;82;0.0;0.46148512695943106;2.1719567976821947;[0]
13;100;82;1.4640155850432832;0.46148512695943106;2.1719567976821947;[0]
14;100;82;2.2099396526097586;0.46148512695943106;2.1719567976821947;[0]
15;100;82;2.1646428472667076;0.46148512695943106;2.1719567976821947;[0]
16;100;82;0.0;0.46148512695943106;2.1719567976821947;[0]
17;100;82;2.4368157696230024;0.46148512695943106;2.1719567976821947;[0]
18;100;82;0.0;0.46148512695943106;2.1719567976821947;[0]
19;100;82;1.9065789302861607;0.46148512695943106;2.1719567976821947;[0]
20;100;82;0.0;0.46148512695943106;2.1719567976821947;[0]
21;100;82;4.130985421534087;0.46148512695943106;2.1719567976821947;[0]
22;100;82;0.20700851651965696;0.46148512695943106;2.1719567976821947;[0]
23;100;82;0.011779016658380248;0.46148512695943106;2.1719567976821947;[0]
24;100;82;0.0;0.46148512695943106;2.1719567976821947;[0]
0;100;83;0.0;0.594244699660782;1.1204589273631014;[0]
1;100;83;33.427088357097354;0.594244699660782;1.1204589273631014;[0]
2;100;83;38.11369453105859;0.594244699660782;1.1204589273631014;[0]
3;100;83;25.643538046925464;0.594244699660782;1.1204589273631014;[0]
4;100;83;18.079131263295086;0.594244699660782;1.1204589273631014;[0]
5;100;83;10.873417773615918;0.594244699660782;1.1204589273631014;[0]
6;100;83;3.107553444054588;0.594244699660782;1.1204589273631014;[0]
7;100;83;0.0;0.594244699660782;1.1204589273631014;[0]
8;100;83;5.158021307644459;0.594244699660782;1.1204589273631014;[0]
9;100;83;0.3369592889830837;0.594244699660782;1.1204589273631014;[0]
10;100;83;4.3670087276793375;0.594244699660782;1.1204589273631014;[0]
11;100;83;1.1563430786174462;0.594244699660782;1.1204589273631014;[0]
12;100;83;1.4793602931706888;0.594244699660782;1.1204589273631014;[0]
13;100;83;0.0;0.594244699660782;1.1204589273631014;[0]
14;100;83;0.0;0.594244699660782;1.1204589273631014;[0]
15;100;83;0.10331063628188651;0.594244699660782;1.1204589273631014;[0]
16;100;83;0.0;0.594244699660782;1.1204589273631014;[0]
17;100;83;2.6099990038149916;0.594244699660782;1.1204589273631014;[0]
18;100;83;0.7461367640014939;0.594244699660782;1.1204589273631014;[0]
19;100;83;3.3699761503835726;0.594244699660782;1.1204589273631014;[0]
20;100;83;0.0;0.594244699660782;1.1204589273631014;[0]
21;100;83;1.8235594864568607;0.594244699660782;1.1204589273631014;[0]
22;100;83;0.49868557191258706;0.594244699660782;1.1204589273631014;[0]
23;100;83;6.751478845092901;0.594244699660782;1.1204589273631014;[0]
24;100;83;3.534531094703455;0.594244699660782;1.1204589273631014;[0]
0;100;84;2.4717511346479517;0.22061899129725532;2.2444923367088814;[0]
1;100;84;13.109011110786463;0.22061899129725532;2.2444923367088814;[0]
2;100;84;18.52840405124586;0.22061899129725532;2.2444923367088814;[0]
3;100;84;7.00411867207662;0.22061899129725532;2.2444923367088814;[0]
4;100;84;7.313505195211516;0.22061899129725532;2.2444923367088814;[0]
5;100;84;6.871541723499064;0.22061899129725532;2.2444923367088814;[0]
6;100;84;11.464437646590348;0.22061899129725532;2.2444923367088814;[0]
7;100;84;2.048245758423158;0.22061899129725532;2.2444923367088814;[0]
8;100;84;4.949474085133177;0.22061899129725532;2.2444923367088814;[0]
9;100;84;8.537492140759285;0.22061899129725532;2.2444923367088814;[0]
10;100;84;1.6223289092552666;0.22061899129725532;2.2444923367088814;[0]
11;100;84;0.9193923804381812;0.22061899129725532;2.2444923367088814;[0]
12;100;84;0.0;0.22061899129725532;2.2444923367088814;[0]
13;100;84;7.841579453260851;0.22061899129725532;2.2444923367088814;[0]
14;100;84;0.44890878356322206;0.22061899129725532;2.2444923367088814;[0]
15;100;84;5.5066946609350556;0.22061899129725532;2.2444923367088814;[0]
16;100;84;0.24868092382769502;0.22061899129725532;2.2444923367088814;[0]
17;100;84;1.682091548180775;0.22061899129725532;2.2444923367088814;[0]
18;100;84;2.8062032769245553;0.22061899129725532;2.2444923367088814;[0]
19;100;84;0.0;0.22061899129725532;2.2444923367088814;[0]
20;100;84;1.6672599481611012;0.22061899129725532;2.2444923367088814;[0]
21;100;84;0.21709094218731392;0.22061899129725532;2.2444923367088814;[0]
22;100;84;0.13236855473958925;0.22061899129725532;2.2444923367088814;[0]
23;100;84;0.7178046695489257;0.22061899129725532;2.2444923367088814;[0]
24;100;84;0.0;0.22061899129725532;2.2444923367088814;[0]
0;100;85;0.0;0.3525224205480486;1.0787933159936793;[0]
1;100;85;20.476031632698177;0.3525224205480486;1.0787933159936793;[0]
2;100;85;31.272965572625253;0.3525224205480486;1.0787933159936793;[0]
3;100;85;22.824998312829123;0.3525224205480486;1.0787933159936793;[0]
4;100;85;18.69010121217029;0.3525224205480486;1.0787933159936793;[0]
5;100;85;17.5657117946349;0.3525224205480486;1.0787933159936793;[0]
6;100;85;8.94909412558388;0.3525224205480486;1.0787933159936793;[0]
7;100;85;3.4819376525509425;0.3525224205480486;1.0787933159936793;[0]
8;100;85;7.254605077467655;0.3525224205480486;1.0787933159936793;[0]
9;100;85;8.407391491109019;0.3525224205480486;1.0787933159936793;[0]
10;100;85;6.302714352089824;0.3525224205480486;1.0787933159936793;[0]
11;100;85;2.7239222147776077;0.3525224205480486;1.0787933159936793;[0]
12;100;85;7.861009032459143;0.3525224205480486;1.0787933159936793;[0]
13;100;85;0.8875073108855054;0.3525224205480486;1.0787933159936793;[0]
14;100;85;0.0;0.3525224205480486;1.0787933159936793;[0]
15;100;85;1.5401898681314568;0.3525224205480486;1.0787933159936793;[0]
16;100;85;0.31649246839039924;0.3525224205480486;1.0787933159936793;[0]
17;100;85;0.6131810645240765;0.3525224205480486;1.0787933159936793;[0]
18;100;85;2.009173849410082;0.3525224205480486;1.0787933159936793;[0]
19;100;85;0.0;0.3525224205480486;1.0787933159936793;[0]
20;100;85;3.2584918878483466;0.3525224205480486;1.0787933159936793;[0]
21;100;85;0.2985961455419009;0.3525224205480486;1.0787933159936793;[0]
22;100;85;0.0;0.3525224205480486;1.0787933159936793;[0]
23;100;85;0.0;0.3525224205480486;1.0787933159936793;[0]
24;100;85;0.0;0.3525224205480486;1.0787933159936793;[0]
0;100;86;0.0;0.28230635907542867;1.099733195195764;[0]
1;100;86;18.455269548072636;0.28230635907542867;1.099733195195764;[0]
2;100;86;22.536694358370305;0.28230635907542867;1.099733195195764;[0]
3;100;86;22.15757593739387;0.28230635907542867;1.099733195195764;[0]
4;100;86;20.93493315222576;0.28230635907542867;1.099733195195764;[0]
5;100;86;13.88575344145422;0.28230635907542867;1.099733195195764;[0]
6;100;86;9.884264948459457;0.28230635907542867;1.099733195195764;[0]
7;100;86;6.954527192747655;0.28230635907542867;1.099733195195764;[0]
8;100;86;2.196018697040855;0.28230635907542867;1.099733195195764;[0]
9;100;86;5.508116237077841;0.28230635907542867;1.099733195195764;[0]
10;100;86;7.118628898880575;0.28230635907542867;1.099733195195764;[0]
11;100;86;5.541084795857059;0.28230635907542867;1.099733195195764;[0]
12;100;86;3.0529767921635598;0.28230635907542867;1.099733195195764;[0]
13;100;86;0.06564717824879035;0.28230635907542867;1.099733195195764;[0]
14;100;86;1.5721455180745467;0.28230635907542867;1.099733195195764;[0]
15;100;86;3.5989968370992647;0.28230635907542867;1.099733195195764;[0]
16;100;86;0.20982141217780925;0.28230635907542867;1.099733195195764;[0]
17;100;86;1.76810183650434;0.28230635907542867;1.099733195195764;[0]
18;100;86;0.0;0.28230635907542867;1.099733195195764;[0]
19;100;86;0.0;0.28230635907542867;1.099733195195764;[0]
20;100;86;1.1952601313994526;0.28230635907542867;1.099733195195764;[0]
21;100;86;1.2569715390988747;0.28230635907542867;1.099733195195764;[0]
22;100;86;0.1239261493466723;0.28230635907542867;1.099733195195764;[0]
23;100;86;0.15414320096851342;0.28230635907542867;1.099733195195764;[0]
24;100;86;5.431122708416505;0.28230635907542867;1.099733195195764;[0]
0;100;87;2.7329957235099407;1.3709423648675918;2.356341184692483;[0]
1;100;87;35.90511325994484;1.3709423648675918;2.356341184692483;[0]
2;100;87;15.883134163568135;1.3709423648675918;2.356341184692483;[0]
3;100;87;2.9759486686201964;1.3709423648675918;2.356341184692483;[0]
4;100;87;5.142704917016159;1.3709423648675918;2.356341184692483;[0]
5;100;87;1.1932528612576672;1.3709423648675918;2.356341184692483;[0]
6;100;87;0.14070573426527516;1.3709423648675918;2.356341184692483;[0]
7;100;87;0.9262628878127885;1.3709423648675918;2.356341184692483;[0]
8;100;87;2.3231022501530485;1.3709423648675918;2.356341184692483;[0]
9;100;87;1.8473171847091785;1.3709423648675918;2.356341184692483;[0]
10;100;87;2.090405086367332;1.3709423648675918;2.356341184692483;[0]
11;100;87;3.2876593803725758;1.3709423648675918;2.356341184692483;[0]
12;100;87;0.20478789832930996;1.3709423648675918;2.356341184692483;[0]
13;100;87;0.406618576853786;1.3709423648675918;2.356341184692483;[0]
14;100;87;0.6876500911356715;1.3709423648675918;2.356341184692483;[0]
15;100;87;0.0;1.3709423648675918;2.356341184692483;[0]
16;100;87;3.811373058500064;1.3709423648675918;2.356341184692483;[0]
17;100;87;2.973389159573188;1.3709423648675918;2.356341184692483;[0]
18;100;87;1.4966802471027882;1.3709423648675918;2.356341184692483;[0]
19;100;87;0.37786659502140557;1.3709423648675918;2.356341184692483;[0]
20;100;87;4.293397637686552;1.3709423648675918;2.356341184692483;[0]
21;100;87;0.37210672413955953;1.3709423648675918;2.356341184692483;[0]
22;100;87;1.6835694445332574;1.3709423648675918;2.356341184692483;[0]
23;100;87;0.14668194874848509;1.3709423648675918;2.356341184692483;[0]
24;100;87;2.558486317480259;1.3709423648675918;2.356341184692483;[0]
0;100;88;0.0;0.9366752851224545;1.536436187534259;[0]
1;100;88;35.04272366678916;0.9366752851224545;1.536436187534259;[0]
2;100;88;26.361799892203486;0.9366752851224545;1.536436187534259;[0]
3;100;88;13.591858072341793;0.9366752851224545;1.536436187534259;[0]
4;100;88;8.494378096838908;0.9366752851224545;1.536436187534259;[0]
5;100;88;2.3378543984997417;0.9366752851224545;1.536436187534259;[0]
6;100;88;1.8898804977046388;0.9366752851224545;1.536436187534259;[0]
7;100;88;1.3277694509071887;0.9366752851224545;1.536436187534259;[0]
8;100;88;0.5215635055569537;0.9366752851224545;1.536436187534259;[0]
9;100;88;0.0;0.9366752851224545;1.536436187534259;[0]
10;100;88;0.0;0.9366752851224545;1.536436187534259;[0]
11;100;88;3.4882284741128364;0.9366752851224545;1.536436187534259;[0]
12;100;88;0.6599798366812404;0.9366752851224545;1.536436187534259;[0]
13;100;88;0.221356041935285;0.9366752851224545;1.536436187534259;[0]
14;100;88;0.0;0.9366752851224545;1.536436187534259;[0]
15;100;88;2.033577367578718;0.9366752851224545;1.536436187534259;[0]
16;100;88;3.436495986398234;0.9366752851224545;1.536436187534259;[0]
17;100;88;0.40166046321862003;0.9366752851224545;1.536436187534259;[0]
18;100;88;0.404219389763087;0.9366752851224545;1.536436187534259;[0]
19;100;88;0.0;0.9366752851224545;1.536436187534259;[0]
20;100;88;4.2557840152650535;0.9366752851224545;1.536436187534259;[0]
21;100;88;0.8999647566207638;0.9366752851224545;1.536436187534259;[0]
22;100;88;6.128092631645322;0.9366752851224545;1.536436187534259;[0]
23;100;88;0.04774021282902019;0.9366752851224545;1.536436187534259;[0]
24;100;88;0.0;0.9366752851224545;1.536436187534259;[0]
0;100;89;0.0;1.1236481984105429;1.3511023742725434;[0]
1;100;89;48.91449982855396;1.1236481984105429;1.3511023742725434;[0]
2;100;89;24.99876420759778;1.1236481984105429;1.3511023742725434;[0]
3;100;89;16.301116956706984;1.1236481984105429;1.3511023742725434;[0]
4;100;89;6.495509175367231;1.1236481984105429;1.3511023742725434;[0]
5;100;89;5.08883407496442;1.1236481984105429;1.3511023742725434;[0]
6;100;89;3.755826061162396;1.1236481984105429;1.3511023742725434;[0]
7;100;89;5.725323299628533;1.1236481984105429;1.3511023742725434;[0]
8;100;89;1.8872463796228163;1.1236481984105429;1.3511023742725434;[0]
9;100;89;1.237399326571641;1.1236481984105429;1.3511023742725434;[0]
10;100;89;3.4210283075633123;1.1236481984105429;1.3511023742725434;[0]
11;100;89;2.57997919304163;1.1236481984105429;1.3511023742725434;[0]
12;100;89;1.9102064740161369;1.1236481984105429;1.3511023742725434;[0]
13;100;89;0.8646445430889257;1.1236481984105429;1.3511023742725434;[0]
14;100;89;3.4920402471604253;1.1236481984105429;1.3511023742725434;[0]
15;100;89;3.3806436443409202;1.1236481984105429;1.3511023742725434;[0]
16;100;89;1.4626230295432863;1.1236481984105429;1.3511023742725434;[0]
17;100;89;0.0;1.1236481984105429;1.3511023742725434;[0]
18;100;89;1.385762475576823;1.1236481984105429;1.3511023742725434;[0]
19;100;89;0.305665269741482;1.1236481984105429;1.3511023742725434;[0]
20;100;89;0.0;1.1236481984105429;1.3511023742725434;[0]
21;100;89;0.0;1.1236481984105429;1.3511023742725434;[0]
22;100;89;1.1415191495614052;1.1236481984105429;1.3511023742725434;[0]
23;100;89;1.8581719635704734;1.1236481984105429;1.3511023742725434;[0]
24;100;89;0.0;1.1236481984105429;1.3511023742725434;[0]
0;100;90;2.1602609370170875;1.041213021068353;1.1103279507698698;[0]
1;100;90;43.65779255111921;1.041213021068353;1.1103279507698698;[0]
2;100;90;40.57740438939745;1.041213021068353;1.1103279507698698;[0]
3;100;90;17.815261455573047;1.041213021068353;1.1103279507698698;[0]
4;100;90;8.85959910620327;1.041213021068353;1.1103279507698698;[0]
5;100;90;7.219983383966192;1.041213021068353;1.1103279507698698;[0]
6;100;90;1.738040383710346;1.041213021068353;1.1103279507698698;[0]
7;100;90;0.0;1.041213021068353;1.1103279507698698;[0]
8;100;90;5.890096516245433;1.041213021068353;1.1103279507698698;[0]
9;100;90;0.0;1.041213021068353;1.1103279507698698;[0]
10;100;90;0.0;1.041213021068353;1.1103279507698698;[0]
11;100;90;0.0;1.041213021068353;1.1103279507698698;[0]
12;100;90;2.6433302585389282;1.041213021068353;1.1103279507698698;[0]
13;100;90;0.0;1.041213021068353;1.1103279507698698;[0]
14;100;90;1.064154046608137;1.041213021068353;1.1103279507698698;[0]
15;100;90;0.9438957312037491;1.041213021068353;1.1103279507698698;[0]
16;100;90;0.9765789919171708;1.041213021068353;1.1103279507698698;[0]
17;100;90;0.0;1.041213021068353;1.1103279507698698;[0]
18;100;90;2.234191463081098;1.041213021068353;1.1103279507698698;[0]
19;100;90;5.601373875203543;1.041213021068353;1.1103279507698698;[0]
20;100;90;11.314775575790026;1.041213021068353;1.1103279507698698;[0]
21;100;90;0.6733287450565593;1.041213021068353;1.1103279507698698;[0]
22;100;90;0.0;1.041213021068353;1.1103279507698698;[0]
23;100;90;2.3461251125839837;1.041213021068353;1.1103279507698698;[0]
24;100;90;0.0;1.041213021068353;1.1103279507698698;[0]
0;100;91;0.0;0.4593993378901111;3.0366593531113786;[0]
1;100;91;14.795854823125563;0.4593993378901111;3.0366593531113786;[0]
2;100;91;11.193464550487825;0.4593993378901111;3.0366593531113786;[0]
3;100;91;12.202992294768315;0.4593993378901111;3.0366593531113786;[0]
4;100;91;2.0895824269127043;0.4593993378901111;3.0366593531113786;[0]
5;100;91;2.9593579209891536;0.4593993378901111;3.0366593531113786;[0]
6;100;91;8.440752620108588;0.4593993378901111;3.0366593531113786;[0]
7;100;91;0.0;0.4593993378901111;3.0366593531113786;[0]
8;100;91;0.0;0.4593993378901111;3.0366593531113786;[0]
9;100;91;0.13914722497575727;0.4593993378901111;3.0366593531113786;[0]
10;100;91;1.2833545956818144;0.4593993378901111;3.0366593531113786;[0]
11;100;91;0.0;0.4593993378901111;3.0366593531113786;[0]
12;100;91;3.5623986000618344;0.4593993378901111;3.0366593531113786;[0]
13;100;91;0.0;0.4593993378901111;3.0366593531113786;[0]
14;100;91;1.5994261710578643;0.4593993378901111;3.0366593531113786;[0]
15;100;91;1.742286216742362;0.4593993378901111;3.0366593531113786;[0]
16;100;91;0.16392787385959973;0.4593993378901111;3.0366593531113786;[0]
17;100;91;1.824546789166539;0.4593993378901111;3.0366593531113786;[0]
18;100;91;2.372045326239379;0.4593993378901111;3.0366593531113786;[0]
19;100;91;0.930983376742444;0.4593993378901111;3.0366593531113786;[0]
20;100;91;3.913142500140194;0.4593993378901111;3.0366593531113786;[0]
21;100;91;0.13916034021016285;0.4593993378901111;3.0366593531113786;[0]
22;100;91;0.0;0.4593993378901111;3.0366593531113786;[0]
23;100;91;4.781494280089;0.4593993378901111;3.0366593531113786;[0]
24;100;91;5.615688912224509;0.4593993378901111;3.0366593531113786;[0]
0;100;92;0.0;0.46047078122559043;1.269644202580889;[0]
1;100;92;26.7083413427817;0.46047078122559043;1.269644202580889;[0]
2;100;92;28.77315804953576;0.46047078122559043;1.269644202580889;[0]
3;100;92;18.093074684142767;0.46047078122559043;1.269644202580889;[0]
4;100;92;15.853694168729755;0.46047078122559043;1.269644202580889;[0]
5;100;92;8.71175790432281;0.46047078122559043;1.269644202580889;[0]
6;100;92;10.823046156852506;0.46047078122559043;1.269644202580889;[0]
7;100;92;9.04647085497891;0.46047078122559043;1.269644202580889;[0]
8;100;92;3.0680451616957147;0.46047078122559043;1.269644202580889;[0]
9;100;92;3.56772122355701;0.46047078122559043;1.269644202580889;[0]
10;100;92;2.9657304342605544;0.46047078122559043;1.269644202580889;[0]
11;100;92;0.16913399211067146;0.46047078122559043;1.269644202580889;[0]
12;100;92;0.6292634769483157;0.46047078122559043;1.269644202580889;[0]
13;100;92;0.1159549627691708;0.46047078122559043;1.269644202580889;[0]
14;100;92;2.517438263820034;0.46047078122559043;1.269644202580889;[0]
15;100;92;0.6923309286920029;0.46047078122559043;1.269644202580889;[0]
16;100;92;0.6195859899188418;0.46047078122559043;1.269644202580889;[0]
17;100;92;1.4967027147340781;0.46047078122559043;1.269644202580889;[0]
18;100;92;0.0;0.46047078122559043;1.269644202580889;[0]
19;100;92;3.563107128523324;0.46047078122559043;1.269644202580889;[0]
20;100;92;6.800589558945542;0.46047078122559043;1.269644202580889;[0]
21;100;92;0.7225456041525202;0.46047078122559043;1.269644202580889;[0]
22;100;92;0.0;0.46047078122559043;1.269644202580889;[0]
23;100;92;5.01581463908269;0.46047078122559043;1.269644202580889;[0]
24;100;92;3.2636317235651684;0.46047078122559043;1.269644202580889;[0]
0;100;93;0.0;1.281686609864475;0.386176801530861;[0]
1;100;93;64.28382979323266;1.281686609864475;0.386176801530861;[0]
2;100;93;68.85682474713226;1.281686609864475;0.386176801530861;[0]
3;100;93;54.785532710964716;1.281686609864475;0.386176801530861;[0]
4;100;93;44.63727632750347;1.281686609864475;0.386176801530861;[0]
5;100;93;38.05790717279641;1.281686609864475;0.386176801530861;[0]
6;100;93;25.428401790996528;1.281686609864475;0.386176801530861;[0]
7;100;93;23.25381085226475;1.281686609864475;0.386176801530861;[0]
8;100;93;16.35512804290248;1.281686609864475;0.386176801530861;[0]
9;100;93;12.946091070319495;1.281686609864475;0.386176801530861;[0]
10;100;93;8.661349711386643;1.281686609864475;0.386176801530861;[0]
11;100;93;8.012995071944658;1.281686609864475;0.386176801530861;[0]
12;100;93;9.998322071520604;1.281686609864475;0.386176801530861;[0]
13;100;93;7.38742352118387;1.281686609864475;0.386176801530861;[0]
14;100;93;4.5812529684840175;1.281686609864475;0.386176801530861;[0]
15;100;93;3.201891172018583;1.281686609864475;0.386176801530861;[0]
16;100;93;4.0915530043960215;1.281686609864475;0.386176801530861;[0]
17;100;93;1.7623956546402835;1.281686609864475;0.386176801530861;[0]
18;100;93;6.616677690573788;1.281686609864475;0.386176801530861;[0]
19;100;93;8.259448583798905;1.281686609864475;0.386176801530861;[0]
20;100;93;0.0;1.281686609864475;0.386176801530861;[0]
21;100;93;1.9974926342397685;1.281686609864475;0.386176801530861;[0]
22;100;93;2.865282225212529;1.281686609864475;0.386176801530861;[0]
23;100;93;9.090201179706977;1.281686609864475;0.386176801530861;[0]
24;100;93;0.0;1.281686609864475;0.386176801530861;[0]
0;100;94;0.0;0.6489924915166688;1.9058404217716671;[0]
1;100;94;26.25476630380529;0.6489924915166688;1.9058404217716671;[0]
2;100;94;19.25692929402547;0.6489924915166688;1.9058404217716671;[0]
3;100;94;14.870436221772101;0.6489924915166688;1.9058404217716671;[0]
4;100;94;10.920013114241758;0.6489924915166688;1.9058404217716671;[0]
5;100;94;1.6832350605998456;0.6489924915166688;1.9058404217716671;[0]
6;100;94;1.4728218685606231;0.6489924915166688;1.9058404217716671;[0]
7;100;94;1.0350566183031744;0.6489924915166688;1.9058404217716671;[0]
8;100;94;0.0;0.6489924915166688;1.9058404217716671;[0]
9;100;94;0.0;0.6489924915166688;1.9058404217716671;[0]
10;100;94;0.0;0.6489924915166688;1.9058404217716671;[0]
11;100;94;2.810306129053909;0.6489924915166688;1.9058404217716671;[0]
12;100;94;0.0;0.6489924915166688;1.9058404217716671;[0]
13;100;94;0.0;0.6489924915166688;1.9058404217716671;[0]
14;100;94;2.5009953025617104;0.6489924915166688;1.9058404217716671;[0]
15;100;94;0.14978941359480186;0.6489924915166688;1.9058404217716671;[0]
16;100;94;0.0;0.6489924915166688;1.9058404217716671;[0]
17;100;94;1.427340116914611;0.6489924915166688;1.9058404217716671;[0]
18;100;94;0.6393101860500179;0.6489924915166688;1.9058404217716671;[0]
19;100;94;0.0;0.6489924915166688;1.9058404217716671;[0]
20;100;94;0.0;0.6489924915166688;1.9058404217716671;[0]
21;100;94;7.633503181986935;0.6489924915166688;1.9058404217716671;[0]
22;100;94;0.0;0.6489924915166688;1.9058404217716671;[0]
23;100;94;0.07107350053678275;0.6489924915166688;1.9058404217716671;[0]
24;100;94;0.0;0.6489924915166688;1.9058404217716671;[0]
0;100;95;0.0;0.6075088971911327;1.6059917558254106;[0]
1;100;95;26.123220219350078;0.6075088971911327;1.6059917558254106;[0]
2;100;95;29.456594530171458;0.6075088971911327;1.6059917558254106;[0]
3;100;95;14.633486181431769;0.6075088971911327;1.6059917558254106;[0]
4;100;95;9.488677811882203;0.6075088971911327;1.6059917558254106;[0]
5;100;95;4.603748022196192;0.6075088971911327;1.6059917558254106;[0]
6;100;95;10.255328168983917;0.6075088971911327;1.6059917558254106;[0]
7;100;95;2.6192538496354905;0.6075088971911327;1.6059917558254106;[0]
8;100;95;3.636202676429874;0.6075088971911327;1.6059917558254106;[0]
9;100;95;2.1408627298674525;0.6075088971911327;1.6059917558254106;[0]
10;100;95;2.0688422543628966;0.6075088971911327;1.6059917558254106;[0]
11;100;95;3.5508563268282054;0.6075088971911327;1.6059917558254106;[0]
12;100;95;3.794838799670664;0.6075088971911327;1.6059917558254106;[0]
13;100;95;3.920539382154462;0.6075088971911327;1.6059917558254106;[0]
14;100;95;0.04195333056959023;0.6075088971911327;1.6059917558254106;[0]
15;100;95;1.7720752723187734;0.6075088971911327;1.6059917558254106;[0]
16;100;95;0.9200256246169753;0.6075088971911327;1.6059917558254106;[0]
17;100;95;0.07817747950060842;0.6075088971911327;1.6059917558254106;[0]
18;100;95;0.0;0.6075088971911327;1.6059917558254106;[0]
19;100;95;0.4362502886247519;0.6075088971911327;1.6059917558254106;[0]
20;100;95;1.8735019109488504;0.6075088971911327;1.6059917558254106;[0]
21;100;95;0.2944288125657976;0.6075088971911327;1.6059917558254106;[0]
22;100;95;0.0;0.6075088971911327;1.6059917558254106;[0]
23;100;95;4.0137670155592255;0.6075088971911327;1.6059917558254106;[0]
24;100;95;0.0;0.6075088971911327;1.6059917558254106;[0]
0;100;96;5.426395856687931;0.5721656374045005;2.439117631690771;[0]
1;100;96;22.518715643153186;0.5721656374045005;2.439117631690771;[0]
2;100;96;11.7577871045342;0.5721656374045005;2.439117631690771;[0]
3;100;96;7.626183454590575;0.5721656374045005;2.439117631690771;[0]
4;100;96;1.1886305809446869;0.5721656374045005;2.439117631690771;[0]
5;100;96;4.981460420021513;0.5721656374045005;2.439117631690771;[0]
6;100;96;0.07811933172964325;0.5721656374045005;2.439117631690771;[0]
7;100;96;0.941768791822625;0.5721656374045005;2.439117631690771;[0]
8;100;96;5.669588958680118;0.5721656374045005;2.439117631690771;[0]
9;100;96;0.9877385992519334;0.5721656374045005;2.439117631690771;[0]
10;100;96;0.5166411818454725;0.5721656374045005;2.439117631690771;[0]
11;100;96;2.634297554152262;0.5721656374045005;2.439117631690771;[0]
12;100;96;1.35650833224933;0.5721656374045005;2.439117631690771;[0]
13;100;96;0.0;0.5721656374045005;2.439117631690771;[0]
14;100;96;0.7306298167611395;0.5721656374045005;2.439117631690771;[0]
15;100;96;2.580949321780758;0.5721656374045005;2.439117631690771;[0]
16;100;96;0.931595282486232;0.5721656374045005;2.439117631690771;[0]
17;100;96;3.283138224899631;0.5721656374045005;2.439117631690771;[0]
18;100;96;1.9338413778101684;0.5721656374045005;2.439117631690771;[0]
19;100;96;0.30110534889596274;0.5721656374045005;2.439117631690771;[0]
20;100;96;2.2650843273608;0.5721656374045005;2.439117631690771;[0]
21;100;96;0.0;0.5721656374045005;2.439117631690771;[0]
22;100;96;2.4723624549295327;0.5721656374045005;2.439117631690771;[0]
23;100;96;0.20090152935704186;0.5721656374045005;2.439117631690771;[0]
24;100;96;0.6716734845258885;0.5721656374045005;2.439117631690771;[0]
0;100;97;0.0;0.3644405598502527;1.2629537538117965;[0]
1;100;97;21.250557487326823;0.3644405598502527;1.2629537538117965;[0]
2;100;97;19.985719939936295;0.3644405598502527;1.2629537538117965;[0]
3;100;97;12.085379615805728;0.3644405598502527;1.2629537538117965;[0]
4;100;97;19.58730081761547;0.3644405598502527;1.2629537538117965;[0]
5;100;97;17.11024305623261;0.3644405598502527;1.2629537538117965;[0]
6;100;97;6.224867394207266;0.3644405598502527;1.2629537538117965;[0]
7;100;97;5.087613329482009;0.3644405598502527;1.2629537538117965;[0]
8;100;97;2.0301051071905003;0.3644405598502527;1.2629537538117965;[0]
9;100;97;5.367937689924037;0.3644405598502527;1.2629537538117965;[0]
10;100;97;2.362734962406597;0.3644405598502527;1.2629537538117965;[0]
11;100;97;1.694277692712879;0.3644405598502527;1.2629537538117965;[0]
12;100;97;0.0;0.3644405598502527;1.2629537538117965;[0]
13;100;97;0.33103029122343963;0.3644405598502527;1.2629537538117965;[0]
14;100;97;4.5311132911992775;0.3644405598502527;1.2629537538117965;[0]
15;100;97;3.538039468799016;0.3644405598502527;1.2629537538117965;[0]
16;100;97;2.4682710969493655;0.3644405598502527;1.2629537538117965;[0]
17;100;97;0.7629571882588678;0.3644405598502527;1.2629537538117965;[0]
18;100;97;0.0;0.3644405598502527;1.2629537538117965;[0]
19;100;97;0.3998759423994117;0.3644405598502527;1.2629537538117965;[0]
20;100;97;0.5844956321936314;0.3644405598502527;1.2629537538117965;[0]
21;100;97;0.0;0.3644405598502527;1.2629537538117965;[0]
22;100;97;8.572286154492526;0.3644405598502527;1.2629537538117965;[0]
23;100;97;4.861725694958898;0.3644405598502527;1.2629537538117965;[0]
24;100;97;0.0;0.3644405598502527;1.2629537538117965;[0]
0;100;98;0.0;0.8354047997146934;1.8757618075120255;[0]
1;100;98;35.701617464038286;0.8354047997146934;1.8757618075120255;[0]
2;100;98;20.639756786991008;0.8354047997146934;1.8757618075120255;[0]
3;100;98;10.166578392459499;0.8354047997146934;1.8757618075120255;[0]
4;100;98;0.9145057277990771;0.8354047997146934;1.8757618075120255;[0]
5;100;98;3.065409126599498;0.8354047997146934;1.8757618075120255;[0]
6;100;98;1.0802627325222227;0.8354047997146934;1.8757618075120255;[0]
7;100;98;1.797353830524131;0.8354047997146934;1.8757618075120255;[0]
8;100;98;3.6298622633529263;0.8354047997146934;1.8757618075120255;[0]
9;100;98;2.617434584857274;0.8354047997146934;1.8757618075120255;[0]
10;100;98;1.2961459630876329;0.8354047997146934;1.8757618075120255;[0]
11;100;98;0.0;0.8354047997146934;1.8757618075120255;[0]
12;100;98;0.15518684539277197;0.8354047997146934;1.8757618075120255;[0]
13;100;98;0.0;0.8354047997146934;1.8757618075120255;[0]
14;100;98;2.0843541752345724;0.8354047997146934;1.8757618075120255;[0]
15;100;98;1.1153281968824298;0.8354047997146934;1.8757618075120255;[0]
16;100;98;3.753802927857282;0.8354047997146934;1.8757618075120255;[0]
17;100;98;3.320782218740855;0.8354047997146934;1.8757618075120255;[0]
18;100;98;1.2446305529737525;0.8354047997146934;1.8757618075120255;[0]
19;100;98;0.06891690511473471;0.8354047997146934;1.8757618075120255;[0]
20;100;98;0.47146279982864103;0.8354047997146934;1.8757618075120255;[0]
21;100;98;6.526861279724694;0.8354047997146934;1.8757618075120255;[0]
22;100;98;1.460264568200634;0.8354047997146934;1.8757618075120255;[0]
23;100;98;0.0;0.8354047997146934;1.8757618075120255;[0]
24;100;98;4.3315285670407135;0.8354047997146934;1.8757618075120255;[0]
0;100;99;0.0;0.6757192530298313;1.3525161946901756;[0]
1;100;99;30.540393706918707;0.6757192530298313;1.3525161946901756;[0]
2;100;99;29.099982010605775;0.6757192530298313;1.3525161946901756;[0]
3;100;99;29.19640913971243;0.6757192530298313;1.3525161946901756;[0]
4;100;99;17.28605106058388;0.6757192530298313;1.3525161946901756;[0]
5;100;99;15.308571179500952;0.6757192530298313;1.3525161946901756;[0]
6;100;99;2.6656010843095763;0.6757192530298313;1.3525161946901756;[0]
7;100;99;1.1738105352283648;0.6757192530298313;1.3525161946901756;[0]
8;100;99;0.0;0.6757192530298313;1.3525161946901756;[0]
9;100;99;2.127833382462589;0.6757192530298313;1.3525161946901756;[0]
10;100;99;0.0;0.6757192530298313;1.3525161946901756;[0]
11;100;99;0.0;0.6757192530298313;1.3525161946901756;[0]
12;100;99;2.3615559270362367;0.6757192530298313;1.3525161946901756;[0]
13;100;99;1.744822219442671;0.6757192530298313;1.3525161946901756;[0]
14;100;99;2.697621999907171;0.6757192530298313;1.3525161946901756;[0]
15;100;99;3.313577316324954;0.6757192530298313;1.3525161946901756;[0]
16;100;99;0.0;0.6757192530298313;1.3525161946901756;[0]
17;100;99;6.729094529185508;0.6757192530298313;1.3525161946901756;[0]
18;100;99;2.1768303080146407;0.6757192530298313;1.3525161946901756;[0]
19;100;99;2.5277666000830927;0.6757192530298313;1.3525161946901756;[0]
20;100;99;1.0954407547994514;0.6757192530298313;1.3525161946901756;[0]
21;100;99;0.0;0.6757192530298313;1.3525161946901756;[0]
22;100;99;0.0;0.6757192530298313;1.3525161946901756;[0]
23;100;99;0.1727891749807159;0.6757192530298313;1.3525161946901756;[0]
24;100;99;0.5857927816701618;0.6757192530298313;1.3525161946901756;[0]
0;100;100;0.0;0.8532393870838854;0.8194495368289609;[0]
1;100;100;47.14887764206438;0.8532393870838854;0.8194495368289609;[0]
2;100;100;46.22770194554599;0.8532393870838854;0.8194495368289609;[0]
3;100;100;35.2601844088821;0.8532393870838854;0.8194495368289609;[0]
4;100;100;21.753933736033964;0.8532393870838854;0.8194495368289609;[0]
5;100;100;15.473781517666536;0.8532393870838854;0.8194495368289609;[0]
6;100;100;9.821141014803114;0.8532393870838854;0.8194495368289609;[0]
7;100;100;7.690574632966252;0.8532393870838854;0.8194495368289609;[0]
8;100;100;6.908749449789496;0.8532393870838854;0.8194495368289609;[0]
9;100;100;2.1360922473788246;0.8532393870838854;0.8194495368289609;[0]
10;100;100;4.011799451892387;0.8532393870838854;0.8194495368289609;[0]
11;100;100;2.728574074305565;0.8532393870838854;0.8194495368289609;[0]
12;100;100;1.2088410913820282;0.8532393870838854;0.8194495368289609;[0]
13;100;100;4.567440808727193;0.8532393870838854;0.8194495368289609;[0]
14;100;100;0.0;0.8532393870838854;0.8194495368289609;[0]
15;100;100;0.8748548814114685;0.8532393870838854;0.8194495368289609;[0]
16;100;100;1.4619615560281045;0.8532393870838854;0.8194495368289609;[0]
17;100;100;0.24283403291664377;0.8532393870838854;0.8194495368289609;[0]
18;100;100;0.07936724018972718;0.8532393870838854;0.8194495368289609;[0]
19;100;100;0.0;0.8532393870838854;0.8194495368289609;[0]
20;100;100;2.8590274217050147;0.8532393870838854;0.8194495368289609;[0]
21;100;100;0.0;0.8532393870838854;0.8194495368289609;[0]
22;100;100;0.7328464848234524;0.8532393870838854;0.8194495368289609;[0]
23;100;100;1.9150762178814191;0.8532393870838854;0.8194495368289609;[0]
24;100;100;0.0;0.8532393870838854;0.8194495368289609;[0]
0;100;101;0.0;0.6007128334281935;1.0053942885523302;[0]
1;100;101;34.03975665077138;0.6007128334281935;1.0053942885523302;[0]
2;100;101;31.686852085331925;0.6007128334281935;1.0053942885523302;[0]
3;100;101;33.636080730880934;0.6007128334281935;1.0053942885523302;[0]
4;100;101;23.952145094143702;0.6007128334281935;1.0053942885523302;[0]
5;100;101;16.94272261301166;0.6007128334281935;1.0053942885523302;[0]
6;100;101;10.548411754549704;0.6007128334281935;1.0053942885523302;[0]
7;100;101;3.181617596104414;0.6007128334281935;1.0053942885523302;[0]
8;100;101;0.0;0.6007128334281935;1.0053942885523302;[0]
9;100;101;2.1607853452702575;0.6007128334281935;1.0053942885523302;[0]
10;100;101;1.5383732565431023;0.6007128334281935;1.0053942885523302;[0]
11;100;101;0.1747720978767645;0.6007128334281935;1.0053942885523302;[0]
12;100;101;0.0;0.6007128334281935;1.0053942885523302;[0]
13;100;101;2.085409655342288;0.6007128334281935;1.0053942885523302;[0]
14;100;101;0.3170143365759229;0.6007128334281935;1.0053942885523302;[0]
15;100;101;0.0;0.6007128334281935;1.0053942885523302;[0]
16;100;101;0.4502531107288124;0.6007128334281935;1.0053942885523302;[0]
17;100;101;1.4711761137252517;0.6007128334281935;1.0053942885523302;[0]
18;100;101;1.9770348072136676;0.6007128334281935;1.0053942885523302;[0]
19;100;101;0.0;0.6007128334281935;1.0053942885523302;[0]
20;100;101;0.21439143530130267;0.6007128334281935;1.0053942885523302;[0]
21;100;101;0.05366619595696919;0.6007128334281935;1.0053942885523302;[0]
22;100;101;0.0;0.6007128334281935;1.0053942885523302;[0]
23;100;101;2.3874130059862986;0.6007128334281935;1.0053942885523302;[0]
24;100;101;5.759199163183372;0.6007128334281935;1.0053942885523302;[0]
0;100;102;3.4159505490796582;1.1176235172058655;1.556396509235717;[0]
1;100;102;41.7954378614626;1.1176235172058655;1.556396509235717;[0]
2;100;102;33.30647153350786;1.1176235172058655;1.556396509235717;[0]
3;100;102;10.506533922374706;1.1176235172058655;1.556396509235717;[0]
4;100;102;5.38362701949276;1.1176235172058655;1.556396509235717;[0]
5;100;102;4.361389356971524;1.1176235172058655;1.556396509235717;[0]
6;100;102;2.8676580524621684;1.1176235172058655;1.556396509235717;[0]
7;100;102;1.1256603796302231;1.1176235172058655;1.556396509235717;[0]
8;100;102;0.0;1.1176235172058655;1.556396509235717;[0]
9;100;102;0.36251613966471397;1.1176235172058655;1.556396509235717;[0]
10;100;102;0.8090132832235907;1.1176235172058655;1.556396509235717;[0]
11;100;102;2.43687997353501;1.1176235172058655;1.556396509235717;[0]
12;100;102;4.534500022316859;1.1176235172058655;1.556396509235717;[0]
13;100;102;1.4891002728256328;1.1176235172058655;1.556396509235717;[0]
14;100;102;3.319697817468844;1.1176235172058655;1.556396509235717;[0]
15;100;102;2.0100488276797233;1.1176235172058655;1.556396509235717;[0]
16;100;102;0.6863898233768706;1.1176235172058655;1.556396509235717;[0]
17;100;102;1.4000255093819234;1.1176235172058655;1.556396509235717;[0]
18;100;102;5.543976074008317;1.1176235172058655;1.556396509235717;[0]
19;100;102;0.04195001414420612;1.1176235172058655;1.556396509235717;[0]
20;100;102;4.1142339141093025;1.1176235172058655;1.556396509235717;[0]
21;100;102;1.7030563445058822;1.1176235172058655;1.556396509235717;[0]
22;100;102;0.0;1.1176235172058655;1.556396509235717;[0]
23;100;102;0.058691609609695744;1.1176235172058655;1.556396509235717;[0]
24;100;102;0.0;1.1176235172058655;1.556396509235717;[0]
0;100;103;0.2796985885493378;1.174705991063467;1.2594365603273383;[0]
1;100;103;45.494064613446376;1.174705991063467;1.2594365603273383;[0]
2;100;103;39.33985173066212;1.174705991063467;1.2594365603273383;[0]
3;100;103;20.666875221638254;1.174705991063467;1.2594365603273383;[0]
4;100;103;14.208519454357774;1.174705991063467;1.2594365603273383;[0]
5;100;103;7.641058665509885;1.174705991063467;1.2594365603273383;[0]
6;100;103;0.0;1.174705991063467;1.2594365603273383;[0]
7;100;103;1.1961804010163672;1.174705991063467;1.2594365603273383;[0]
8;100;103;3.1110273413149225;1.174705991063467;1.2594365603273383;[0]
9;100;103;2.1676840014209806;1.174705991063467;1.2594365603273383;[0]
10;100;103;0.0;1.174705991063467;1.2594365603273383;[0]
11;100;103;1.274073765732096;1.174705991063467;1.2594365603273383;[0]
12;100;103;0.0;1.174705991063467;1.2594365603273383;[0]
13;100;103;1.904965066175159;1.174705991063467;1.2594365603273383;[0]
14;100;103;0.3077412654612204;1.174705991063467;1.2594365603273383;[0]
15;100;103;6.217623013842555;1.174705991063467;1.2594365603273383;[0]
16;100;103;1.0287898611019912;1.174705991063467;1.2594365603273383;[0]
17;100;103;0.0;1.174705991063467;1.2594365603273383;[0]
18;100;103;5.615089984053649;1.174705991063467;1.2594365603273383;[0]
19;100;103;1.2609557367174125;1.174705991063467;1.2594365603273383;[0]
20;100;103;0.0;1.174705991063467;1.2594365603273383;[0]
21;100;103;0.5742637511981421;1.174705991063467;1.2594365603273383;[0]
22;100;103;0.0;1.174705991063467;1.2594365603273383;[0]
23;100;103;0.15797899782627467;1.174705991063467;1.2594365603273383;[0]
24;100;103;0.0;1.174705991063467;1.2594365603273383;[0]
0;100;104;0.0;0.4308598268020429;0.6487541874481302;[0]
1;100;104;31.494652249993987;0.4308598268020429;0.6487541874481302;[0]
2;100;104;36.2922152155455;0.4308598268020429;0.6487541874481302;[0]
3;100;104;35.30838752323216;0.4308598268020429;0.6487541874481302;[0]
4;100;104;37.349662856367345;0.4308598268020429;0.6487541874481302;[0]
5;100;104;23.844083685180202;0.4308598268020429;0.6487541874481302;[0]
6;100;104;25.45796700128808;0.4308598268020429;0.6487541874481302;[0]
7;100;104;18.357410143447566;0.4308598268020429;0.6487541874481302;[0]
8;100;104;8.981716273821906;0.4308598268020429;0.6487541874481302;[0]
9;100;104;8.291123078965215;0.4308598268020429;0.6487541874481302;[0]
10;100;104;3.103002234795496;0.4308598268020429;0.6487541874481302;[0]
11;100;104;8.026316011961272;0.4308598268020429;0.6487541874481302;[0]
12;100;104;3.318205307700176;0.4308598268020429;0.6487541874481302;[0]
13;100;104;1.9267033396032682;0.4308598268020429;0.6487541874481302;[0]
14;100;104;0.5861943982261559;0.4308598268020429;0.6487541874481302;[0]
15;100;104;1.0028130152481987;0.4308598268020429;0.6487541874481302;[0]
16;100;104;1.4554911202015672;0.4308598268020429;0.6487541874481302;[0]
17;100;104;1.4106547072803055;0.4308598268020429;0.6487541874481302;[0]
18;100;104;1.2576635843278128;0.4308598268020429;0.6487541874481302;[0]
19;100;104;0.26973070625107254;0.4308598268020429;0.6487541874481302;[0]
20;100;104;2.5034605224637283;0.4308598268020429;0.6487541874481302;[0]
21;100;104;4.675040446002563;0.4308598268020429;0.6487541874481302;[0]
22;100;104;7.060325465180559;0.4308598268020429;0.6487541874481302;[0]
23;100;104;3.6891570755982523;0.4308598268020429;0.6487541874481302;[0]
24;100;104;6.008500521349372;0.4308598268020429;0.6487541874481302;[0]
0;100;105;0.0;1.4218234086290584;0.8868172232200304;[0]
1;100;105;58.739061418687996;1.4218234086290584;0.8868172232200304;[0]
2;100;105;42.6652740488067;1.4218234086290584;0.8868172232200304;[0]
3;100;105;25.055832468847896;1.4218234086290584;0.8868172232200304;[0]
4;100;105;14.832958696628825;1.4218234086290584;0.8868172232200304;[0]
5;100;105;9.971580387052356;1.4218234086290584;0.8868172232200304;[0]
6;100;105;7.304776099924329;1.4218234086290584;0.8868172232200304;[0]
7;100;105;0.07577378929307332;1.4218234086290584;0.8868172232200304;[0]
8;100;105;5.775642928039307;1.4218234086290584;0.8868172232200304;[0]
9;100;105;3.6207205195658543;1.4218234086290584;0.8868172232200304;[0]
10;100;105;1.2095546437288323;1.4218234086290584;0.8868172232200304;[0]
11;100;105;1.4187232633112232;1.4218234086290584;0.8868172232200304;[0]
12;100;105;1.610229981478651;1.4218234086290584;0.8868172232200304;[0]
13;100;105;1.0754974148126457;1.4218234086290584;0.8868172232200304;[0]
14;100;105;0.687548300334316;1.4218234086290584;0.8868172232200304;[0]
15;100;105;0.33523912879540846;1.4218234086290584;0.8868172232200304;[0]
16;100;105;1.9395353329942866;1.4218234086290584;0.8868172232200304;[0]
17;100;105;2.4999230235695897;1.4218234086290584;0.8868172232200304;[0]
18;100;105;0.17597863529689212;1.4218234086290584;0.8868172232200304;[0]
19;100;105;4.042968032703888;1.4218234086290584;0.8868172232200304;[0]
20;100;105;0.0;1.4218234086290584;0.8868172232200304;[0]
21;100;105;0.0;1.4218234086290584;0.8868172232200304;[0]
22;100;105;0.0;1.4218234086290584;0.8868172232200304;[0]
23;100;105;5.5363939853558914;1.4218234086290584;0.8868172232200304;[0]
24;100;105;0.0;1.4218234086290584;0.8868172232200304;[0]
0;100;106;0.0;0.5888895915956162;1.3456742733871787;[0]
1;100;106;25.492574065274454;0.5888895915956162;1.3456742733871787;[0]
2;100;106;34.00316458610691;0.5888895915956162;1.3456742733871787;[0]
3;100;106;17.740462962563974;0.5888895915956162;1.3456742733871787;[0]
4;100;106;16.58519056779577;0.5888895915956162;1.3456742733871787;[0]
5;100;106;6.151317455449701;0.5888895915956162;1.3456742733871787;[0]
6;100;106;4.7685676938185635;0.5888895915956162;1.3456742733871787;[0]
7;100;106;5.143488608937652;0.5888895915956162;1.3456742733871787;[0]
8;100;106;0.6142011851674647;0.5888895915956162;1.3456742733871787;[0]
9;100;106;4.32161708634868;0.5888895915956162;1.3456742733871787;[0]
10;100;106;0.5545856835716809;0.5888895915956162;1.3456742733871787;[0]
11;100;106;3.3111695682910973;0.5888895915956162;1.3456742733871787;[0]
12;100;106;0.0;0.5888895915956162;1.3456742733871787;[0]
13;100;106;1.7019285989248019;0.5888895915956162;1.3456742733871787;[0]
14;100;106;2.9803579001182343;0.5888895915956162;1.3456742733871787;[0]
15;100;106;0.0;0.5888895915956162;1.3456742733871787;[0]
16;100;106;1.2845675355242716;0.5888895915956162;1.3456742733871787;[0]
17;100;106;3.7024109813992325;0.5888895915956162;1.3456742733871787;[0]
18;100;106;1.3678094556983575;0.5888895915956162;1.3456742733871787;[0]
19;100;106;0.0;0.5888895915956162;1.3456742733871787;[0]
20;100;106;0.0;0.5888895915956162;1.3456742733871787;[0]
21;100;106;1.822344060742608;0.5888895915956162;1.3456742733871787;[0]
22;100;106;1.6129903853855236;0.5888895915956162;1.3456742733871787;[0]
23;100;106;0.0;0.5888895915956162;1.3456742733871787;[0]
24;100;106;0.0;0.5888895915956162;1.3456742733871787;[0]
0;100;107;2.5226441598543907;1.118740313634856;1.296160217485656;[0]
1;100;107;48.861546222042165;1.118740313634856;1.296160217485656;[0]
2;100;107;33.853881784777094;1.118740313634856;1.296160217485656;[0]
3;100;107;12.24719671479181;1.118740313634856;1.296160217485656;[0]
4;100;107;16.9036528252356;1.118740313634856;1.296160217485656;[0]
5;100;107;7.413978026451961;1.118740313634856;1.296160217485656;[0]
6;100;107;3.491187390675391;1.118740313634856;1.296160217485656;[0]
7;100;107;0.9818996785649281;1.118740313634856;1.296160217485656;[0]
8;100;107;0.0;1.118740313634856;1.296160217485656;[0]
9;100;107;0.23939959958176965;1.118740313634856;1.296160217485656;[0]
10;100;107;1.3192249236086795;1.118740313634856;1.296160217485656;[0]
11;100;107;0.9523038171653488;1.118740313634856;1.296160217485656;[0]
12;100;107;0.0;1.118740313634856;1.296160217485656;[0]
13;100;107;1.5187290045528703;1.118740313634856;1.296160217485656;[0]
14;100;107;0.32847864970463514;1.118740313634856;1.296160217485656;[0]
15;100;107;5.0165907149281175;1.118740313634856;1.296160217485656;[0]
16;100;107;3.3913619722725685;1.118740313634856;1.296160217485656;[0]
17;100;107;9.416947732485927;1.118740313634856;1.296160217485656;[0]
18;100;107;1.004054625120144;1.118740313634856;1.296160217485656;[0]
19;100;107;0.0;1.118740313634856;1.296160217485656;[0]
20;100;107;5.284001537891092;1.118740313634856;1.296160217485656;[0]
21;100;107;0.20860705976685007;1.118740313634856;1.296160217485656;[0]
22;100;107;1.769275586959484;1.118740313634856;1.296160217485656;[0]
23;100;107;0.4358929017637974;1.118740313634856;1.296160217485656;[0]
24;100;107;0.0;1.118740313634856;1.296160217485656;[0]
0;100;108;1.5927565549505247;1.440209530074808;3.9541367895925097;[0]
1;100;108;29.89880407484229;1.440209530074808;3.9541367895925097;[0]
2;100;108;4.690176456001124;1.440209530074808;3.9541367895925097;[0]
3;100;108;5.566793486875814;1.440209530074808;3.9541367895925097;[0]
4;100;108;0.0;1.440209530074808;3.9541367895925097;[0]
5;100;108;0.9180186312035179;1.440209530074808;3.9541367895925097;[0]
6;100;108;0.0;1.440209530074808;3.9541367895925097;[0]
7;100;108;4.616357871920574;1.440209530074808;3.9541367895925097;[0]
8;100;108;0.23013097266310684;1.440209530074808;3.9541367895925097;[0]
9;100;108;0.0;1.440209530074808;3.9541367895925097;[0]
10;100;108;5.144426789484818;1.440209530074808;3.9541367895925097;[0]
11;100;108;0.7637803688621967;1.440209530074808;3.9541367895925097;[0]
12;100;108;2.110058471616517;1.440209530074808;3.9541367895925097;[0]
13;100;108;1.5130204744866145;1.440209530074808;3.9541367895925097;[0]
14;100;108;0.12073662086811626;1.440209530074808;3.9541367895925097;[0]
15;100;108;0.6868471680077158;1.440209530074808;3.9541367895925097;[0]
16;100;108;5.99048048128946;1.440209530074808;3.9541367895925097;[0]
17;100;108;1.2849834659121013;1.440209530074808;3.9541367895925097;[0]
18;100;108;0.4661003120194176;1.440209530074808;3.9541367895925097;[0]
19;100;108;0.20728017423565812;1.440209530074808;3.9541367895925097;[0]
20;100;108;0.38341403143223407;1.440209530074808;3.9541367895925097;[0]
21;100;108;0.0;1.440209530074808;3.9541367895925097;[0]
22;100;108;2.656530890513082;1.440209530074808;3.9541367895925097;[0]
23;100;108;0.0;1.440209530074808;3.9541367895925097;[0]
24;100;108;6.295007951248042;1.440209530074808;3.9541367895925097;[0]
0;100;109;0.6378724106347262;0.5424564779370029;2.2496150165839945;[0]
1;100;109;25.156742000893225;0.5424564779370029;2.2496150165839945;[0]
2;100;109;10.06924400522517;0.5424564779370029;2.2496150165839945;[0]
3;100;109;9.54275507675922;0.5424564779370029;2.2496150165839945;[0]
4;100;109;3.575575048460438;0.5424564779370029;2.2496150165839945;[0]
5;100;109;2.2281654309072216;0.5424564779370029;2.2496150165839945;[0]
6;100;109;2.332567976179189;0.5424564779370029;2.2496150165839945;[0]
7;100;109;0.11919222024539872;0.5424564779370029;2.2496150165839945;[0]
8;100;109;5.169626342131877;0.5424564779370029;2.2496150165839945;[0]
9;100;109;1.4795446696390147;0.5424564779370029;2.2496150165839945;[0]
10;100;109;3.6926381981573155;0.5424564779370029;2.2496150165839945;[0]
11;100;109;3.9214315518751937;0.5424564779370029;2.2496150165839945;[0]
12;100;109;0.5680693856529601;0.5424564779370029;2.2496150165839945;[0]
13;100;109;1.3211324568891727;0.5424564779370029;2.2496150165839945;[0]
14;100;109;0.21074217630921702;0.5424564779370029;2.2496150165839945;[0]
15;100;109;0.22085950192195372;0.5424564779370029;2.2496150165839945;[0]
16;100;109;5.775175546983417;0.5424564779370029;2.2496150165839945;[0]
17;100;109;5.475607677908554;0.5424564779370029;2.2496150165839945;[0]
18;100;109;0.0;0.5424564779370029;2.2496150165839945;[0]
19;100;109;5.811823452540137;0.5424564779370029;2.2496150165839945;[0]
20;100;109;2.6537771243593253;0.5424564779370029;2.2496150165839945;[0]
21;100;109;1.0028336749430617;0.5424564779370029;2.2496150165839945;[0]
22;100;109;0.6904022697484832;0.5424564779370029;2.2496150165839945;[0]
23;100;109;1.0373926036258074;0.5424564779370029;2.2496150165839945;[0]
24;100;109;0.0;0.5424564779370029;2.2496150165839945;[0]
0;100;110;0.0;0.4227608473284532;0.9021231398895387;[0]
1;100;110;27.820418498226523;0.4227608473284532;0.9021231398895387;[0]
2;100;110;32.53893656995473;0.4227608473284532;0.9021231398895387;[0]
3;100;110;37.00473965713703;0.4227608473284532;0.9021231398895387;[0]
4;100;110;23.733293612252016;0.4227608473284532;0.9021231398895387;[0]
5;100;110;13.369499080780761;0.4227608473284532;0.9021231398895387;[0]
6;100;110;13.791617243722268;0.4227608473284532;0.9021231398895387;[0]
7;100;110;4.309850353837966;0.4227608473284532;0.9021231398895387;[0]
8;100;110;0.0;0.4227608473284532;0.9021231398895387;[0]
9;100;110;2.2269205194252524;0.4227608473284532;0.9021231398895387;[0]
10;100;110;4.797861954227469;0.4227608473284532;0.9021231398895387;[0]
11;100;110;5.622606881424909;0.4227608473284532;0.9021231398895387;[0]
12;100;110;2.3123883197169577;0.4227608473284532;0.9021231398895387;[0]
13;100;110;1.561912548311065;0.4227608473284532;0.9021231398895387;[0]
14;100;110;0.2799515083128502;0.4227608473284532;0.9021231398895387;[0]
15;100;110;3.571427666018528;0.4227608473284532;0.9021231398895387;[0]
16;100;110;2.7538135492920337;0.4227608473284532;0.9021231398895387;[0]
17;100;110;4.311601690389137;0.4227608473284532;0.9021231398895387;[0]
18;100;110;0.8854964385123845;0.4227608473284532;0.9021231398895387;[0]
19;100;110;2.937371809259405;0.4227608473284532;0.9021231398895387;[0]
20;100;110;3.0187299746082603;0.4227608473284532;0.9021231398895387;[0]
21;100;110;0.6256848698265157;0.4227608473284532;0.9021231398895387;[0]
22;100;110;5.197178529564423;0.4227608473284532;0.9021231398895387;[0]
23;100;110;1.2550449673503976;0.4227608473284532;0.9021231398895387;[0]
24;100;110;0.0;0.4227608473284532;0.9021231398895387;[0]
0;100;111;0.0;0.7471059000958471;1.3192695607829867;[0]
1;100;111;33.452730823161744;0.7471059000958471;1.3192695607829867;[0]
2;100;111;23.954077208209114;0.7471059000958471;1.3192695607829867;[0]
3;100;111;22.044910730553617;0.7471059000958471;1.3192695607829867;[0]
4;100;111;12.41649205477861;0.7471059000958471;1.3192695607829867;[0]
5;100;111;2.065279062760733;0.7471059000958471;1.3192695607829867;[0]
6;100;111;4.126088034695828;0.7471059000958471;1.3192695607829867;[0]
7;100;111;0.04405477499005614;0.7471059000958471;1.3192695607829867;[0]
8;100;111;1.747958101530282;0.7471059000958471;1.3192695607829867;[0]
9;100;111;1.5028281953550562;0.7471059000958471;1.3192695607829867;[0]
10;100;111;0.0;0.7471059000958471;1.3192695607829867;[0]
11;100;111;0.0;0.7471059000958471;1.3192695607829867;[0]
12;100;111;1.7254106401246019;0.7471059000958471;1.3192695607829867;[0]
13;100;111;2.5534657081704153;0.7471059000958471;1.3192695607829867;[0]
14;100;111;0.0;0.7471059000958471;1.3192695607829867;[0]
15;100;111;0.7631622222305641;0.7471059000958471;1.3192695607829867;[0]
16;100;111;0.24396446359040447;0.7471059000958471;1.3192695607829867;[0]
17;100;111;1.064113748650587;0.7471059000958471;1.3192695607829867;[0]
18;100;111;1.1311407848661605;0.7471059000958471;1.3192695607829867;[0]
19;100;111;0.01870643735655275;0.7471059000958471;1.3192695607829867;[0]
20;100;111;4.978715318984505;0.7471059000958471;1.3192695607829867;[0]
21;100;111;0.2160919702442602;0.7471059000958471;1.3192695607829867;[0]
22;100;111;0.5348573446144915;0.7471059000958471;1.3192695607829867;[0]
23;100;111;1.2908053777515005;0.7471059000958471;1.3192695607829867;[0]
24;100;111;0.0;0.7471059000958471;1.3192695607829867;[0]
0;100;112;0.0;1.5029148227902727;2.122387749872422;[0]
1;100;112;29.267900447142576;1.5029148227902727;2.122387749872422;[0]
2;100;112;16.26307548255296;1.5029148227902727;2.122387749872422;[0]
3;100;112;5.475799919155117;1.5029148227902727;2.122387749872422;[0]
4;100;112;0.0;1.5029148227902727;2.122387749872422;[0]
5;100;112;2.1133490580796668;1.5029148227902727;2.122387749872422;[0]
6;100;112;0.6716099242335134;1.5029148227902727;2.122387749872422;[0]
7;100;112;0.8043589075934674;1.5029148227902727;2.122387749872422;[0]
8;100;112;0.698194956187848;1.5029148227902727;2.122387749872422;[0]
9;100;112;5.1989037274470515;1.5029148227902727;2.122387749872422;[0]
10;100;112;1.8974767590171;1.5029148227902727;2.122387749872422;[0]
11;100;112;1.3487815654829385;1.5029148227902727;2.122387749872422;[0]
12;100;112;7.347248711995048;1.5029148227902727;2.122387749872422;[0]
13;100;112;0.3052689441540774;1.5029148227902727;2.122387749872422;[0]
14;100;112;0.6437194259889877;1.5029148227902727;2.122387749872422;[0]
15;100;112;4.4757231325808675;1.5029148227902727;2.122387749872422;[0]
16;100;112;0.09418754338487478;1.5029148227902727;2.122387749872422;[0]
17;100;112;0.3185743502400558;1.5029148227902727;2.122387749872422;[0]
18;100;112;5.190412729777987;1.5029148227902727;2.122387749872422;[0]
19;100;112;0.15516619420709077;1.5029148227902727;2.122387749872422;[0]
20;100;112;0.0;1.5029148227902727;2.122387749872422;[0]
21;100;112;7.055945835471541;1.5029148227902727;2.122387749872422;[0]
22;100;112;0.0;1.5029148227902727;2.122387749872422;[0]
23;100;112;0.9025875341565203;1.5029148227902727;2.122387749872422;[0]
24;100;112;0.0;1.5029148227902727;2.122387749872422;[0]
0;100;113;5.690947082076696;0.4006593657900371;1.4084745081148615;[0]
1;100;113;23.784724765833538;0.4006593657900371;1.4084745081148615;[0]
2;100;113;23.568291456601603;0.4006593657900371;1.4084745081148615;[0]
3;100;113;13.411276200456733;0.4006593657900371;1.4084745081148615;[0]
4;100;113;15.70213093565007;0.4006593657900371;1.4084745081148615;[0]
5;100;113;6.586467093008586;0.4006593657900371;1.4084745081148615;[0]
6;100;113;9.58659458702215;0.4006593657900371;1.4084745081148615;[0]
7;100;113;9.948679940955806;0.4006593657900371;1.4084745081148615;[0]
8;100;113;0.38873614321451677;0.4006593657900371;1.4084745081148615;[0]
9;100;113;6.529881549694913;0.4006593657900371;1.4084745081148615;[0]
10;100;113;1.7491497724334668;0.4006593657900371;1.4084745081148615;[0]
11;100;113;0.5559396496464684;0.4006593657900371;1.4084745081148615;[0]
12;100;113;2.823011410768477;0.4006593657900371;1.4084745081148615;[0]
13;100;113;0.407828262441325;0.4006593657900371;1.4084745081148615;[0]
14;100;113;0.0;0.4006593657900371;1.4084745081148615;[0]
15;100;113;2.3065669618882274;0.4006593657900371;1.4084745081148615;[0]
16;100;113;0.0;0.4006593657900371;1.4084745081148615;[0]
17;100;113;0.0;0.4006593657900371;1.4084745081148615;[0]
18;100;113;0.5915626890244963;0.4006593657900371;1.4084745081148615;[0]
19;100;113;0.21331940897440563;0.4006593657900371;1.4084745081148615;[0]
20;100;113;0.5841926886348162;0.4006593657900371;1.4084745081148615;[0]
21;100;113;1.4746851777020824;0.4006593657900371;1.4084745081148615;[0]
22;100;113;0.839520816549146;0.4006593657900371;1.4084745081148615;[0]
23;100;113;1.7835869952450842;0.4006593657900371;1.4084745081148615;[0]
24;100;113;0.0;0.4006593657900371;1.4084745081148615;[0]
0;100;114;9.215724036672231;0.4467715256999978;1.7187068305447546;[0]
1;100;114;24.301037979111477;0.4467715256999978;1.7187068305447546;[0]
2;100;114;23.227696286931085;0.4467715256999978;1.7187068305447546;[0]
3;100;114;18.126745034752435;0.4467715256999978;1.7187068305447546;[0]
4;100;114;12.016713598952945;0.4467715256999978;1.7187068305447546;[0]
5;100;114;7.342094265790055;0.4467715256999978;1.7187068305447546;[0]
6;100;114;3.8926379438260192;0.4467715256999978;1.7187068305447546;[0]
7;100;114;1.5025879076872752;0.4467715256999978;1.7187068305447546;[0]
8;100;114;3.717120437386469;0.4467715256999978;1.7187068305447546;[0]
9;100;114;3.3074235010536768;0.4467715256999978;1.7187068305447546;[0]
10;100;114;0.3389814050460849;0.4467715256999978;1.7187068305447546;[0]
11;100;114;2.3713706972969995;0.4467715256999978;1.7187068305447546;[0]
12;100;114;0.4302011601413203;0.4467715256999978;1.7187068305447546;[0]
13;100;114;2.124078611112444;0.4467715256999978;1.7187068305447546;[0]
14;100;114;0.5223922848781762;0.4467715256999978;1.7187068305447546;[0]
15;100;114;0.4884525210460137;0.4467715256999978;1.7187068305447546;[0]
16;100;114;0.2544692579015222;0.4467715256999978;1.7187068305447546;[0]
17;100;114;1.376335166172763;0.4467715256999978;1.7187068305447546;[0]
18;100;114;3.0729858941300825;0.4467715256999978;1.7187068305447546;[0]
19;100;114;2.435755633221579;0.4467715256999978;1.7187068305447546;[0]
20;100;114;4.033212595765905;0.4467715256999978;1.7187068305447546;[0]
21;100;114;0.0;0.4467715256999978;1.7187068305447546;[0]
22;100;114;1.7207284062601538;0.4467715256999978;1.7187068305447546;[0]
23;100;114;0.6063107266240558;0.4467715256999978;1.7187068305447546;[0]
24;100;114;0.0;0.4467715256999978;1.7187068305447546;[0]
0;100;115;4.83658947871127;0.43463396611207483;1.8735261575198883;[0]
1;100;115;24.435544612466117;0.43463396611207483;1.8735261575198883;[0]
2;100;115;17.66401978937604;0.43463396611207483;1.8735261575198883;[0]
3;100;115;5.47182936163791;0.43463396611207483;1.8735261575198883;[0]
4;100;115;8.537309933318603;0.43463396611207483;1.8735261575198883;[0]
5;100;115;2.038992272861802;0.43463396611207483;1.8735261575198883;[0]
6;100;115;6.9393106239610605;0.43463396611207483;1.8735261575198883;[0]
7;100;115;3.340618004276252;0.43463396611207483;1.8735261575198883;[0]
8;100;115;1.850333611932853;0.43463396611207483;1.8735261575198883;[0]
9;100;115;6.357030177332103;0.43463396611207483;1.8735261575198883;[0]
10;100;115;0.0;0.43463396611207483;1.8735261575198883;[0]
11;100;115;2.960601440381396;0.43463396611207483;1.8735261575198883;[0]
12;100;115;3.6084551343014057;0.43463396611207483;1.8735261575198883;[0]
13;100;115;2.6052197640194197;0.43463396611207483;1.8735261575198883;[0]
14;100;115;2.0485782952369447;0.43463396611207483;1.8735261575198883;[0]
15;100;115;1.9556391450878947;0.43463396611207483;1.8735261575198883;[0]
16;100;115;2.4935799453396927;0.43463396611207483;1.8735261575198883;[0]
17;100;115;1.4425918106097588;0.43463396611207483;1.8735261575198883;[0]
18;100;115;0.0;0.43463396611207483;1.8735261575198883;[0]
19;100;115;0.03238007231762131;0.43463396611207483;1.8735261575198883;[0]
20;100;115;1.618812332243147;0.43463396611207483;1.8735261575198883;[0]
21;100;115;0.600234436844112;0.43463396611207483;1.8735261575198883;[0]
22;100;115;5.146520215440143;0.43463396611207483;1.8735261575198883;[0]
23;100;115;1.0007738528910641;0.43463396611207483;1.8735261575198883;[0]
24;100;115;0.0;0.43463396611207483;1.8735261575198883;[0]
0;100;116;0.0;0.21107502932669867;1.2639682541804234;[0]
1;100;116;16.44824561157801;0.21107502932669867;1.2639682541804234;[0]
2;100;116;18.037450313407945;0.21107502932669867;1.2639682541804234;[0]
3;100;116;17.817676016602302;0.21107502932669867;1.2639682541804234;[0]
4;100;116;22.55893544295548;0.21107502932669867;1.2639682541804234;[0]
5;100;116;13.026021981963744;0.21107502932669867;1.2639682541804234;[0]
6;100;116;15.417783712792842;0.21107502932669867;1.2639682541804234;[0]
7;100;116;11.26855715910106;0.21107502932669867;1.2639682541804234;[0]
8;100;116;7.345728947432514;0.21107502932669867;1.2639682541804234;[0]
9;100;116;8.801435614269877;0.21107502932669867;1.2639682541804234;[0]
10;100;116;4.9202203494964944;0.21107502932669867;1.2639682541804234;[0]
11;100;116;3.6468892535775126;0.21107502932669867;1.2639682541804234;[0]
12;100;116;6.329431397243118;0.21107502932669867;1.2639682541804234;[0]
13;100;116;4.523262096290461;0.21107502932669867;1.2639682541804234;[0]
14;100;116;4.412254284443791;0.21107502932669867;1.2639682541804234;[0]
15;100;116;0.9362966785383685;0.21107502932669867;1.2639682541804234;[0]
16;100;116;1.5331377648846478;0.21107502932669867;1.2639682541804234;[0]
17;100;116;6.071675332375215;0.21107502932669867;1.2639682541804234;[0]
18;100;116;0.43609034740550445;0.21107502932669867;1.2639682541804234;[0]
19;100;116;0.9938129816256811;0.21107502932669867;1.2639682541804234;[0]
20;100;116;0.4525196075949231;0.21107502932669867;1.2639682541804234;[0]
21;100;116;0.0;0.21107502932669867;1.2639682541804234;[0]
22;100;116;4.364122885997034;0.21107502932669867;1.2639682541804234;[0]
23;100;116;0.0;0.21107502932669867;1.2639682541804234;[0]
24;100;116;0.4028385816499781;0.21107502932669867;1.2639682541804234;[0]
0;100;117;0.0;0.3335269338395314;3.6471835715586436;[0]
1;100;117;6.463795721313802;0.3335269338395314;3.6471835715586436;[0]
2;100;117;1.341174840691826;0.3335269338395314;3.6471835715586436;[0]
3;100;117;8.020286146308711;0.3335269338395314;3.6471835715586436;[0]
4;100;117;7.900360184083973;0.3335269338395314;3.6471835715586436;[0]
5;100;117;5.534918182282032;0.3335269338395314;3.6471835715586436;[0]
6;100;117;0.2877529260424856;0.3335269338395314;3.6471835715586436;[0]
7;100;117;7.089666924780484;0.3335269338395314;3.6471835715586436;[0]
8;100;117;1.1949762526605663;0.3335269338395314;3.6471835715586436;[0]
9;100;117;6.350109076371122;0.3335269338395314;3.6471835715586436;[0]
10;100;117;0.0;0.3335269338395314;3.6471835715586436;[0]
11;100;117;2.5544020987705585;0.3335269338395314;3.6471835715586436;[0]
12;100;117;3.315164871691729;0.3335269338395314;3.6471835715586436;[0]
13;100;117;0.0;0.3335269338395314;3.6471835715586436;[0]
14;100;117;1.0511188897370947;0.3335269338395314;3.6471835715586436;[0]
15;100;117;3.855397407335815;0.3335269338395314;3.6471835715586436;[0]
16;100;117;0.707819596783324;0.3335269338395314;3.6471835715586436;[0]
17;100;117;3.8220850884187625;0.3335269338395314;3.6471835715586436;[0]
18;100;117;4.778975236874081;0.3335269338395314;3.6471835715586436;[0]
19;100;117;1.180049742246756;0.3335269338395314;3.6471835715586436;[0]
20;100;117;0.0;0.3335269338395314;3.6471835715586436;[0]
21;100;117;0.0;0.3335269338395314;3.6471835715586436;[0]
22;100;117;0.19246311861026794;0.3335269338395314;3.6471835715586436;[0]
23;100;117;0.0;0.3335269338395314;3.6471835715586436;[0]
24;100;117;0.0;0.3335269338395314;3.6471835715586436;[0]
0;100;118;3.73944507223739;0.485268850714758;2.871664091212071;[0]
1;100;118;18.211984246920352;0.485268850714758;2.871664091212071;[0]
2;100;118;19.070613744791057;0.485268850714758;2.871664091212071;[0]
3;100;118;10.344291826582888;0.485268850714758;2.871664091212071;[0]
4;100;118;1.6048955293941742;0.485268850714758;2.871664091212071;[0]
5;100;118;1.3731252320199587;0.485268850714758;2.871664091212071;[0]
6;100;118;5.019573416195311;0.485268850714758;2.871664091212071;[0]
7;100;118;3.5787008711961006;0.485268850714758;2.871664091212071;[0]
8;100;118;0.6279082917293418;0.485268850714758;2.871664091212071;[0]
9;100;118;2.395781511492019;0.485268850714758;2.871664091212071;[0]
10;100;118;2.221389314862989;0.485268850714758;2.871664091212071;[0]
11;100;118;2.4483578768069494;0.485268850714758;2.871664091212071;[0]
12;100;118;0.7487350928489082;0.485268850714758;2.871664091212071;[0]
13;100;118;0.0;0.485268850714758;2.871664091212071;[0]
14;100;118;4.035540050812712;0.485268850714758;2.871664091212071;[0]
15;100;118;0.0;0.485268850714758;2.871664091212071;[0]
16;100;118;0.9132973870142604;0.485268850714758;2.871664091212071;[0]
17;100;118;0.0;0.485268850714758;2.871664091212071;[0]
18;100;118;0.30642082784348934;0.485268850714758;2.871664091212071;[0]
19;100;118;0.0;0.485268850714758;2.871664091212071;[0]
20;100;118;1.5382880812835305;0.485268850714758;2.871664091212071;[0]
21;100;118;0.0;0.485268850714758;2.871664091212071;[0]
22;100;118;0.043219672565553;0.485268850714758;2.871664091212071;[0]
23;100;118;1.784050918665374;0.485268850714758;2.871664091212071;[0]
24;100;118;0.0;0.485268850714758;2.871664091212071;[0]
0;100;119;1.6593317727811985;1.0235350962218923;1.4811175134325616;[0]
1;100;119;37.25903003164372;1.0235350962218923;1.4811175134325616;[0]
2;100;119;33.156341589048026;1.0235350962218923;1.4811175134325616;[0]
3;100;119;23.847738156717647;1.0235350962218923;1.4811175134325616;[0]
4;100;119;12.033188320915125;1.0235350962218923;1.4811175134325616;[0]
5;100;119;4.201640017684229;1.0235350962218923;1.4811175134325616;[0]
6;100;119;1.7869625677126253;1.0235350962218923;1.4811175134325616;[0]
7;100;119;0.0;1.0235350962218923;1.4811175134325616;[0]
8;100;119;0.7922893129594801;1.0235350962218923;1.4811175134325616;[0]
9;100;119;0.0;1.0235350962218923;1.4811175134325616;[0]
10;100;119;6.219331845328936;1.0235350962218923;1.4811175134325616;[0]
11;100;119;5.0465606921054915;1.0235350962218923;1.4811175134325616;[0]
12;100;119;0.0;1.0235350962218923;1.4811175134325616;[0]
13;100;119;5.630863686355676;1.0235350962218923;1.4811175134325616;[0]
14;100;119;2.8284153759648967;1.0235350962218923;1.4811175134325616;[0]
15;100;119;3.3472932746455064;1.0235350962218923;1.4811175134325616;[0]
16;100;119;3.8579403568534407;1.0235350962218923;1.4811175134325616;[0]
17;100;119;0.18415344132221734;1.0235350962218923;1.4811175134325616;[0]
18;100;119;1.5841067666099564;1.0235350962218923;1.4811175134325616;[0]
19;100;119;2.2723104018526143;1.0235350962218923;1.4811175134325616;[0]
20;100;119;1.5763907895159077;1.0235350962218923;1.4811175134325616;[0]
21;100;119;0.5476946691136277;1.0235350962218923;1.4811175134325616;[0]
22;100;119;17.09517079552326;1.0235350962218923;1.4811175134325616;[0]
23;100;119;0.0;1.0235350962218923;1.4811175134325616;[0]
24;100;119;1.1333647154426452;1.0235350962218923;1.4811175134325616;[0]
0;100;120;0.0;0.5279323907909427;1.525305343570505;[0]
1;100;120;30.66223592070363;0.5279323907909427;1.525305343570505;[0]
2;100;120;28.15431471253887;0.5279323907909427;1.525305343570505;[0]
3;100;120;19.50505516550677;0.5279323907909427;1.525305343570505;[0]
4;100;120;14.578427042456857;0.5279323907909427;1.525305343570505;[0]
5;100;120;7.184942540015973;0.5279323907909427;1.525305343570505;[0]
6;100;120;1.5100352946583344;0.5279323907909427;1.525305343570505;[0]
7;100;120;7.4916637267753154;0.5279323907909427;1.525305343570505;[0]
8;100;120;4.229846447881431;0.5279323907909427;1.525305343570505;[0]
9;100;120;2.312086487061876;0.5279323907909427;1.525305343570505;[0]
10;100;120;0.0;0.5279323907909427;1.525305343570505;[0]
11;100;120;2.2547314470811886;0.5279323907909427;1.525305343570505;[0]
12;100;120;4.9191682467631255;0.5279323907909427;1.525305343570505;[0]
13;100;120;3.5023451036383246;0.5279323907909427;1.525305343570505;[0]
14;100;120;0.757865759882392;0.5279323907909427;1.525305343570505;[0]
15;100;120;0.0;0.5279323907909427;1.525305343570505;[0]
16;100;120;3.2219790814909093;0.5279323907909427;1.525305343570505;[0]
17;100;120;0.0;0.5279323907909427;1.525305343570505;[0]
18;100;120;0.0;0.5279323907909427;1.525305343570505;[0]
19;100;120;0.7793064343157414;0.5279323907909427;1.525305343570505;[0]
20;100;120;4.671784128404147;0.5279323907909427;1.525305343570505;[0]
21;100;120;1.276636480037033;0.5279323907909427;1.525305343570505;[0]
22;100;120;0.0;0.5279323907909427;1.525305343570505;[0]
23;100;120;0.2633010755038661;0.5279323907909427;1.525305343570505;[0]
24;100;120;0.8218371273455146;0.5279323907909427;1.525305343570505;[0]
0;100;121;0.0;1.743337397629706;2.0721031805973125;[0]
1;100;121;42.308098682934954;1.743337397629706;2.0721031805973125;[0]
2;100;121;18.74852354658647;1.743337397629706;2.0721031805973125;[0]
3;100;121;1.957942490420256;1.743337397629706;2.0721031805973125;[0]
4;100;121;0.0;1.743337397629706;2.0721031805973125;[0]
5;100;121;0.0;1.743337397629706;2.0721031805973125;[0]
6;100;121;0.0;1.743337397629706;2.0721031805973125;[0]
7;100;121;0.0;1.743337397629706;2.0721031805973125;[0]
8;100;121;0.0;1.743337397629706;2.0721031805973125;[0]
9;100;121;1.2628898109209827;1.743337397629706;2.0721031805973125;[0]
10;100;121;4.620483389985351;1.743337397629706;2.0721031805973125;[0]
11;100;121;2.1249611441634153;1.743337397629706;2.0721031805973125;[0]
12;100;121;0.0;1.743337397629706;2.0721031805973125;[0]
13;100;121;3.4968309543051155;1.743337397629706;2.0721031805973125;[0]
14;100;121;2.788945446939998;1.743337397629706;2.0721031805973125;[0]
15;100;121;3.9279699432477337;1.743337397629706;2.0721031805973125;[0]
16;100;121;0.0;1.743337397629706;2.0721031805973125;[0]
17;100;121;0.0;1.743337397629706;2.0721031805973125;[0]
18;100;121;0.0;1.743337397629706;2.0721031805973125;[0]
19;100;121;0.9067880857135431;1.743337397629706;2.0721031805973125;[0]
20;100;121;0.0;1.743337397629706;2.0721031805973125;[0]
21;100;121;0.07048602822392101;1.743337397629706;2.0721031805973125;[0]
22;100;121;0.27510721913104913;1.743337397629706;2.0721031805973125;[0]
23;100;121;0.07867496127636964;1.743337397629706;2.0721031805973125;[0]
24;100;121;0.0;1.743337397629706;2.0721031805973125;[0]
0;100;122;0.0;0.32897080071791845;0.5033675107907917;[0]
1;100;122;26.27421197670534;0.32897080071791845;0.5033675107907917;[0]
2;100;122;36.43955467246745;0.32897080071791845;0.5033675107907917;[0]
3;100;122;42.09946892972573;0.32897080071791845;0.5033675107907917;[0]
4;100;122;38.04202493008769;0.32897080071791845;0.5033675107907917;[0]
5;100;122;31.46948573488504;0.32897080071791845;0.5033675107907917;[0]
6;100;122;29.42680937676003;0.32897080071791845;0.5033675107907917;[0]
7;100;122;23.094530217770544;0.32897080071791845;0.5033675107907917;[0]
8;100;122;19.74075350227554;0.32897080071791845;0.5033675107907917;[0]
9;100;122;19.487493432144237;0.32897080071791845;0.5033675107907917;[0]
10;100;122;15.785937051078132;0.32897080071791845;0.5033675107907917;[0]
11;100;122;9.407411138853803;0.32897080071791845;0.5033675107907917;[0]
12;100;122;9.660349648050104;0.32897080071791845;0.5033675107907917;[0]
13;100;122;3.919295307473363;0.32897080071791845;0.5033675107907917;[0]
14;100;122;5.006169184500543;0.32897080071791845;0.5033675107907917;[0]
15;100;122;4.735234330730485;0.32897080071791845;0.5033675107907917;[0]
16;100;122;1.0408407364082803;0.32897080071791845;0.5033675107907917;[0]
17;100;122;1.6478897061303652;0.32897080071791845;0.5033675107907917;[0]
18;100;122;0.0;0.32897080071791845;0.5033675107907917;[0]
19;100;122;4.615838235723676;0.32897080071791845;0.5033675107907917;[0]
20;100;122;3.8187058433193606;0.32897080071791845;0.5033675107907917;[0]
21;100;122;8.463459136947412;0.32897080071791845;0.5033675107907917;[0]
22;100;122;0.5517973670933409;0.32897080071791845;0.5033675107907917;[0]
23;100;122;12.252598122666889;0.32897080071791845;0.5033675107907917;[0]
24;100;122;4.11674298412852;0.32897080071791845;0.5033675107907917;[0]
0;100;123;0.0;1.2324689995890765;2.4186614148780277;[0]
1;100;123;29.88320357650592;1.2324689995890765;2.4186614148780277;[0]
2;100;123;20.261785333928774;1.2324689995890765;2.4186614148780277;[0]
3;100;123;4.523928979848709;1.2324689995890765;2.4186614148780277;[0]
4;100;123;4.298516443826237;1.2324689995890765;2.4186614148780277;[0]
5;100;123;0.6450264231953229;1.2324689995890765;2.4186614148780277;[0]
6;100;123;0.25081894974118346;1.2324689995890765;2.4186614148780277;[0]
7;100;123;0.0;1.2324689995890765;2.4186614148780277;[0]
8;100;123;0.0;1.2324689995890765;2.4186614148780277;[0]
9;100;123;0.0;1.2324689995890765;2.4186614148780277;[0]
10;100;123;4.791407257289565;1.2324689995890765;2.4186614148780277;[0]
11;100;123;1.986924180626147;1.2324689995890765;2.4186614148780277;[0]
12;100;123;0.0;1.2324689995890765;2.4186614148780277;[0]
13;100;123;0.0;1.2324689995890765;2.4186614148780277;[0]
14;100;123;0.9023300786095971;1.2324689995890765;2.4186614148780277;[0]
15;100;123;0.06551650959779842;1.2324689995890765;2.4186614148780277;[0]
16;100;123;0.0;1.2324689995890765;2.4186614148780277;[0]
17;100;123;2.2649878179187444;1.2324689995890765;2.4186614148780277;[0]
18;100;123;7.686774092636305;1.2324689995890765;2.4186614148780277;[0]
19;100;123;1.0345973763110294;1.2324689995890765;2.4186614148780277;[0]
20;100;123;2.1628077183623824;1.2324689995890765;2.4186614148780277;[0]
21;100;123;1.6622570202341125;1.2324689995890765;2.4186614148780277;[0]
22;100;123;0.41477185545139533;1.2324689995890765;2.4186614148780277;[0]
23;100;123;0.32587377577491017;1.2324689995890765;2.4186614148780277;[0]
24;100;123;2.983997121720244;1.2324689995890765;2.4186614148780277;[0]
0;100;124;0.0;0.9212176414855935;2.660346310306754;[0]
1;100;124;35.40371653844298;0.9212176414855935;2.660346310306754;[0]
2;100;124;11.667427470048466;0.9212176414855935;2.660346310306754;[0]
3;100;124;8.62966543770916;0.9212176414855935;2.660346310306754;[0]
4;100;124;3.015437338774448;0.9212176414855935;2.660346310306754;[0]
5;100;124;7.917304099943659;0.9212176414855935;2.660346310306754;[0]
6;100;124;1.1983723744053267;0.9212176414855935;2.660346310306754;[0]
7;100;124;3.5166357758586546;0.9212176414855935;2.660346310306754;[0]
8;100;124;4.084589329762638;0.9212176414855935;2.660346310306754;[0]
9;100;124;5.346937203818195;0.9212176414855935;2.660346310306754;[0]
10;100;124;3.523902815063408;0.9212176414855935;2.660346310306754;[0]
11;100;124;3.231630055188133;0.9212176414855935;2.660346310306754;[0]
12;100;124;0.09284811455126052;0.9212176414855935;2.660346310306754;[0]
13;100;124;0.6465870544127453;0.9212176414855935;2.660346310306754;[0]
14;100;124;1.0177987850660668;0.9212176414855935;2.660346310306754;[0]
15;100;124;3.733119654187225;0.9212176414855935;2.660346310306754;[0]
16;100;124;3.0792603200644697;0.9212176414855935;2.660346310306754;[0]
17;100;124;0.0;0.9212176414855935;2.660346310306754;[0]
18;100;124;0.0;0.9212176414855935;2.660346310306754;[0]
19;100;124;2.1804559047168772;0.9212176414855935;2.660346310306754;[0]
20;100;124;1.1580682854224722;0.9212176414855935;2.660346310306754;[0]
21;100;124;0.8679904604730413;0.9212176414855935;2.660346310306754;[0]
22;100;124;0.0;0.9212176414855935;2.660346310306754;[0]
23;100;124;3.469752954103701;0.9212176414855935;2.660346310306754;[0]
24;100;124;5.87373615637368;0.9212176414855935;2.660346310306754;[0]
0;100;125;4.308118363078691;0.6155495066564757;1.295507876067333;[0]
1;100;125;33.505802357617775;0.6155495066564757;1.295507876067333;[0]
2;100;125;28.368146226838554;0.6155495066564757;1.295507876067333;[0]
3;100;125;21.125661414681936;0.6155495066564757;1.295507876067333;[0]
4;100;125;15.214647814550348;0.6155495066564757;1.295507876067333;[0]
5;100;125;8.098759853531055;0.6155495066564757;1.295507876067333;[0]
6;100;125;3.7672112535593265;0.6155495066564757;1.295507876067333;[0]
7;100;125;8.645403212409505;0.6155495066564757;1.295507876067333;[0]
8;100;125;0.0;0.6155495066564757;1.295507876067333;[0]
9;100;125;1.726555722073807;0.6155495066564757;1.295507876067333;[0]
10;100;125;1.243006856783826;0.6155495066564757;1.295507876067333;[0]
11;100;125;2.692557364954283;0.6155495066564757;1.295507876067333;[0]
12;100;125;1.720014803561488;0.6155495066564757;1.295507876067333;[0]
13;100;125;0.0;0.6155495066564757;1.295507876067333;[0]
14;100;125;0.0;0.6155495066564757;1.295507876067333;[0]
15;100;125;1.2312572367288739;0.6155495066564757;1.295507876067333;[0]
16;100;125;4.336366179867651;0.6155495066564757;1.295507876067333;[0]
17;100;125;1.6245446366671885;0.6155495066564757;1.295507876067333;[0]
18;100;125;1.5083089037182666;0.6155495066564757;1.295507876067333;[0]
19;100;125;0.782277364726763;0.6155495066564757;1.295507876067333;[0]
20;100;125;0.39561830299848105;0.6155495066564757;1.295507876067333;[0]
21;100;125;0.0;0.6155495066564757;1.295507876067333;[0]
22;100;125;2.9481792585140063;0.6155495066564757;1.295507876067333;[0]
23;100;125;5.218418101366368;0.6155495066564757;1.295507876067333;[0]
24;100;125;0.0;0.6155495066564757;1.295507876067333;[0]
0;100;126;0.0;0.4486506861073092;0.6915151136053882;[0]
1;100;126;31.374208999135913;0.4486506861073092;0.6915151136053882;[0]
2;100;126;45.812917974631446;0.4486506861073092;0.6915151136053882;[0]
3;100;126;37.49641606708302;0.4486506861073092;0.6915151136053882;[0]
4;100;126;37.056961722397524;0.4486506861073092;0.6915151136053882;[0]
5;100;126;23.20768102721496;0.4486506861073092;0.6915151136053882;[0]
6;100;126;21.217126437038953;0.4486506861073092;0.6915151136053882;[0]
7;100;126;12.55156531752536;0.4486506861073092;0.6915151136053882;[0]
8;100;126;10.61340429109948;0.4486506861073092;0.6915151136053882;[0]
9;100;126;9.486984340687316;0.4486506861073092;0.6915151136053882;[0]
10;100;126;0.24463352537207067;0.4486506861073092;0.6915151136053882;[0]
11;100;126;1.604537068322643;0.4486506861073092;0.6915151136053882;[0]
12;100;126;0.0;0.4486506861073092;0.6915151136053882;[0]
13;100;126;0.5345587004447283;0.4486506861073092;0.6915151136053882;[0]
14;100;126;1.4606261900403261;0.4486506861073092;0.6915151136053882;[0]
15;100;126;2.5189259408264664;0.4486506861073092;0.6915151136053882;[0]
16;100;126;0.0;0.4486506861073092;0.6915151136053882;[0]
17;100;126;4.344284953823493;0.4486506861073092;0.6915151136053882;[0]
18;100;126;1.9310306881918062;0.4486506861073092;0.6915151136053882;[0]
19;100;126;0.0;0.4486506861073092;0.6915151136053882;[0]
20;100;126;3.2419553278550515;0.4486506861073092;0.6915151136053882;[0]
21;100;126;0.4325107284913052;0.4486506861073092;0.6915151136053882;[0]
22;100;126;2.819939463443985;0.4486506861073092;0.6915151136053882;[0]
23;100;126;0.03323966406082651;0.4486506861073092;0.6915151136053882;[0]
24;100;126;0.0;0.4486506861073092;0.6915151136053882;[0]
0;100;127;0.0;0.718681960110546;0.9305183661598402;[0]
1;100;127;39.81366506896916;0.718681960110546;0.9305183661598402;[0]
2;100;127;41.37080527417566;0.718681960110546;0.9305183661598402;[0]
3;100;127;29.680489373254492;0.718681960110546;0.9305183661598402;[0]
4;100;127;22.852547107983575;0.718681960110546;0.9305183661598402;[0]
5;100;127;13.848878423267049;0.718681960110546;0.9305183661598402;[0]
6;100;127;7.224613560921573;0.718681960110546;0.9305183661598402;[0]
7;100;127;3.533763402281336;0.718681960110546;0.9305183661598402;[0]
8;100;127;3.771184578252753;0.718681960110546;0.9305183661598402;[0]
9;100;127;0.9793565112554352;0.718681960110546;0.9305183661598402;[0]
10;100;127;3.800235760092977;0.718681960110546;0.9305183661598402;[0]
11;100;127;2.622245036871126;0.718681960110546;0.9305183661598402;[0]
12;100;127;1.4103965401143939;0.718681960110546;0.9305183661598402;[0]
13;100;127;1.0169894784415279;0.718681960110546;0.9305183661598402;[0]
14;100;127;0.05228385380549385;0.718681960110546;0.9305183661598402;[0]
15;100;127;0.8124558180597491;0.718681960110546;0.9305183661598402;[0]
16;100;127;0.3951495114578523;0.718681960110546;0.9305183661598402;[0]
17;100;127;1.2838261418267203;0.718681960110546;0.9305183661598402;[0]
18;100;127;0.5914402396218291;0.718681960110546;0.9305183661598402;[0]
19;100;127;0.38364561153658755;0.718681960110546;0.9305183661598402;[0]
20;100;127;0.0;0.718681960110546;0.9305183661598402;[0]
21;100;127;0.0;0.718681960110546;0.9305183661598402;[0]
22;100;127;0.6526418547559737;0.718681960110546;0.9305183661598402;[0]
23;100;127;4.403380432475659;0.718681960110546;0.9305183661598402;[0]
24;100;127;0.7453061524331845;0.718681960110546;0.9305183661598402;[0]
0;100;128;4.523171149098519;0.5555363627537176;1.8685093944775257;[0]
1;100;128;23.059761237648296;0.5555363627537176;1.8685093944775257;[0]
2;100;128;17.625570452958204;0.5555363627537176;1.8685093944775257;[0]
3;100;128;12.963370070559552;0.5555363627537176;1.8685093944775257;[0]
4;100;128;9.800588334820846;0.5555363627537176;1.8685093944775257;[0]
5;100;128;5.404727264138771;0.5555363627537176;1.8685093944775257;[0]
6;100;128;7.535137111759554;0.5555363627537176;1.8685093944775257;[0]
7;100;128;2.3680901341127214;0.5555363627537176;1.8685093944775257;[0]
8;100;128;0.0;0.5555363627537176;1.8685093944775257;[0]
9;100;128;4.5517998332394765;0.5555363627537176;1.8685093944775257;[0]
10;100;128;0.10551458839590361;0.5555363627537176;1.8685093944775257;[0]
11;100;128;0.0;0.5555363627537176;1.8685093944775257;[0]
12;100;128;2.6113626767681923;0.5555363627537176;1.8685093944775257;[0]
13;100;128;0.0;0.5555363627537176;1.8685093944775257;[0]
14;100;128;1.1321905632496212;0.5555363627537176;1.8685093944775257;[0]
15;100;128;0.0;0.5555363627537176;1.8685093944775257;[0]
16;100;128;0.0;0.5555363627537176;1.8685093944775257;[0]
17;100;128;0.0;0.5555363627537176;1.8685093944775257;[0]
18;100;128;3.920881875711496;0.5555363627537176;1.8685093944775257;[0]
19;100;128;2.9949765768606476;0.5555363627537176;1.8685093944775257;[0]
20;100;128;1.1776478703703948;0.5555363627537176;1.8685093944775257;[0]
21;100;128;1.4787253108148153;0.5555363627537176;1.8685093944775257;[0]
22;100;128;0.0;0.5555363627537176;1.8685093944775257;[0]
23;100;128;0.07668134000082978;0.5555363627537176;1.8685093944775257;[0]
24;100;128;6.555097155797443;0.5555363627537176;1.8685093944775257;[0]
0;100;129;0.0;3.2735558070221833;0.8454419983913465;[0]
1;100;129;61.7677503576493;3.2735558070221833;0.8454419983913465;[0]
2;100;129;36.030115212657634;3.2735558070221833;0.8454419983913465;[0]
3;100;129;24.07801203436563;3.2735558070221833;0.8454419983913465;[0]
4;100;129;20.36752476772993;3.2735558070221833;0.8454419983913465;[0]
5;100;129;5.98016800238172;3.2735558070221833;0.8454419983913465;[0]
6;100;129;5.181322717166723;3.2735558070221833;0.8454419983913465;[0]
7;100;129;0.20974295421361075;3.2735558070221833;0.8454419983913465;[0]
8;100;129;5.7370393480213435;3.2735558070221833;0.8454419983913465;[0]
9;100;129;1.7068220010822233;3.2735558070221833;0.8454419983913465;[0]
10;100;129;2.9551186352117185;3.2735558070221833;0.8454419983913465;[0]
11;100;129;4.897624762308956;3.2735558070221833;0.8454419983913465;[0]
12;100;129;2.721190020293077;3.2735558070221833;0.8454419983913465;[0]
13;100;129;0.5435776082017659;3.2735558070221833;0.8454419983913465;[0]
14;100;129;0.0;3.2735558070221833;0.8454419983913465;[0]
15;100;129;5.183635498854235;3.2735558070221833;0.8454419983913465;[0]
16;100;129;2.403579036107387;3.2735558070221833;0.8454419983913465;[0]
17;100;129;5.123114940272414;3.2735558070221833;0.8454419983913465;[0]
18;100;129;1.1474473237903289;3.2735558070221833;0.8454419983913465;[0]
19;100;129;0.0;3.2735558070221833;0.8454419983913465;[0]
20;100;129;0.0;3.2735558070221833;0.8454419983913465;[0]
21;100;129;0.43104955553431085;3.2735558070221833;0.8454419983913465;[0]
22;100;129;1.1015544639376804;3.2735558070221833;0.8454419983913465;[0]
23;100;129;1.4527899670263318;3.2735558070221833;0.8454419983913465;[0]
24;100;129;0.0;3.2735558070221833;0.8454419983913465;[0]
0;100;130;0.0;0.1763640847353367;2.7115721937952895;[0]
1;100;130;12.278960248143386;0.1763640847353367;2.7115721937952895;[0]
2;100;130;1.6136110214429813;0.1763640847353367;2.7115721937952895;[0]
3;100;130;10.500937460362728;0.1763640847353367;2.7115721937952895;[0]
4;100;130;7.823860228438803;0.1763640847353367;2.7115721937952895;[0]
5;100;130;4.048868211389632;0.1763640847353367;2.7115721937952895;[0]
6;100;130;2.306329638978238;0.1763640847353367;2.7115721937952895;[0]
7;100;130;3.279258905984941;0.1763640847353367;2.7115721937952895;[0]
8;100;130;3.6842700274425946;0.1763640847353367;2.7115721937952895;[0]
9;100;130;1.7304583848773492;0.1763640847353367;2.7115721937952895;[0]
10;100;130;1.4317095056195068;0.1763640847353367;2.7115721937952895;[0]
11;100;130;1.7344684438007363;0.1763640847353367;2.7115721937952895;[0]
12;100;130;1.7207766554172763;0.1763640847353367;2.7115721937952895;[0]
13;100;130;4.80082618107269;0.1763640847353367;2.7115721937952895;[0]
14;100;130;2.5649664350408456;0.1763640847353367;2.7115721937952895;[0]
15;100;130;0.9368443979991413;0.1763640847353367;2.7115721937952895;[0]
16;100;130;2.495282850089683;0.1763640847353367;2.7115721937952895;[0]
17;100;130;1.7196344881900165;0.1763640847353367;2.7115721937952895;[0]
18;100;130;1.1302778402733649;0.1763640847353367;2.7115721937952895;[0]
19;100;130;0.0;0.1763640847353367;2.7115721937952895;[0]
20;100;130;0.7700707746460096;0.1763640847353367;2.7115721937952895;[0]
21;100;130;2.125906720034283;0.1763640847353367;2.7115721937952895;[0]
22;100;130;0.07926764946336665;0.1763640847353367;2.7115721937952895;[0]
23;100;130;0.0;0.1763640847353367;2.7115721937952895;[0]
24;100;130;0.4806268442451918;0.1763640847353367;2.7115721937952895;[0]
0;100;131;0.0;0.6215692670715385;1.1455996159746447;[0]
1;100;131;25.90011741150912;0.6215692670715385;1.1455996159746447;[0]
2;100;131;31.953915680347134;0.6215692670715385;1.1455996159746447;[0]
3;100;131;22.5629607029985;0.6215692670715385;1.1455996159746447;[0]
4;100;131;18.089760627158135;0.6215692670715385;1.1455996159746447;[0]
5;100;131;4.762085295947015;0.6215692670715385;1.1455996159746447;[0]
6;100;131;5.88147201182744;0.6215692670715385;1.1455996159746447;[0]
7;100;131;2.8107647016307515;0.6215692670715385;1.1455996159746447;[0]
8;100;131;3.1856860327014758;0.6215692670715385;1.1455996159746447;[0]
9;100;131;2.351896010585048;0.6215692670715385;1.1455996159746447;[0]
10;100;131;0.0;0.6215692670715385;1.1455996159746447;[0]
11;100;131;6.924433668837424;0.6215692670715385;1.1455996159746447;[0]
12;100;131;2.336676516823722;0.6215692670715385;1.1455996159746447;[0]
13;100;131;1.980851802624693;0.6215692670715385;1.1455996159746447;[0]
14;100;131;0.0;0.6215692670715385;1.1455996159746447;[0]
15;100;131;1.0135452000912433;0.6215692670715385;1.1455996159746447;[0]
16;100;131;0.0;0.6215692670715385;1.1455996159746447;[0]
17;100;131;0.0;0.6215692670715385;1.1455996159746447;[0]
18;100;131;0.20036580219338096;0.6215692670715385;1.1455996159746447;[0]
19;100;131;3.695866700028987;0.6215692670715385;1.1455996159746447;[0]
20;100;131;0.43795512422668237;0.6215692670715385;1.1455996159746447;[0]
21;100;131;0.901278515941336;0.6215692670715385;1.1455996159746447;[0]
22;100;131;0.6863959344454749;0.6215692670715385;1.1455996159746447;[0]
23;100;131;0.16363595857906443;0.6215692670715385;1.1455996159746447;[0]
24;100;131;0.7997636423470557;0.6215692670715385;1.1455996159746447;[0]
0;100;132;0.0;0.5647794031877607;1.7573907377836337;[0]
1;100;132;21.834060515258447;0.5647794031877607;1.7573907377836337;[0]
2;100;132;24.6083940258443;0.5647794031877607;1.7573907377836337;[0]
3;100;132;19.300903591225616;0.5647794031877607;1.7573907377836337;[0]
4;100;132;12.343964787575452;0.5647794031877607;1.7573907377836337;[0]
5;100;132;16.03229633938225;0.5647794031877607;1.7573907377836337;[0]
6;100;132;5.283503362268624;0.5647794031877607;1.7573907377836337;[0]
7;100;132;2.332248054563652;0.5647794031877607;1.7573907377836337;[0]
8;100;132;0.6714825498521324;0.5647794031877607;1.7573907377836337;[0]
9;100;132;3.4361461643470643;0.5647794031877607;1.7573907377836337;[0]
10;100;132;0.0;0.5647794031877607;1.7573907377836337;[0]
11;100;132;1.2977856480936873;0.5647794031877607;1.7573907377836337;[0]
12;100;132;0.0;0.5647794031877607;1.7573907377836337;[0]
13;100;132;0.0;0.5647794031877607;1.7573907377836337;[0]
14;100;132;2.0591980378093084;0.5647794031877607;1.7573907377836337;[0]
15;100;132;2.421407742309873;0.5647794031877607;1.7573907377836337;[0]
16;100;132;1.2359344817667743;0.5647794031877607;1.7573907377836337;[0]
17;100;132;5.238340373119309;0.5647794031877607;1.7573907377836337;[0]
18;100;132;0.3811810194519098;0.5647794031877607;1.7573907377836337;[0]
19;100;132;0.0;0.5647794031877607;1.7573907377836337;[0]
20;100;132;0.0;0.5647794031877607;1.7573907377836337;[0]
21;100;132;0.0;0.5647794031877607;1.7573907377836337;[0]
22;100;132;0.06201736394528315;0.5647794031877607;1.7573907377836337;[0]
23;100;132;4.284565146329813;0.5647794031877607;1.7573907377836337;[0]
24;100;132;0.0;0.5647794031877607;1.7573907377836337;[0]
0;100;133;1.6194240049190496;0.4319109385482081;1.6276442766017605;[0]
1;100;133;19.488491449702806;0.4319109385482081;1.6276442766017605;[0]
2;100;133;20.254953629355438;0.4319109385482081;1.6276442766017605;[0]
3;100;133;22.498947226270616;0.4319109385482081;1.6276442766017605;[0]
4;100;133;8.121633261516989;0.4319109385482081;1.6276442766017605;[0]
5;100;133;5.38892980624653;0.4319109385482081;1.6276442766017605;[0]
6;100;133;3.6690353284257657;0.4319109385482081;1.6276442766017605;[0]
7;100;133;4.629797291690768;0.4319109385482081;1.6276442766017605;[0]
8;100;133;3.285539673985292;0.4319109385482081;1.6276442766017605;[0]
9;100;133;3.729766580589043;0.4319109385482081;1.6276442766017605;[0]
10;100;133;0.0;0.4319109385482081;1.6276442766017605;[0]
11;100;133;3.153323581329363;0.4319109385482081;1.6276442766017605;[0]
12;100;133;2.2651265791096575;0.4319109385482081;1.6276442766017605;[0]
13;100;133;0.10590856178029712;0.4319109385482081;1.6276442766017605;[0]
14;100;133;0.0;0.4319109385482081;1.6276442766017605;[0]
15;100;133;4.060660065920349;0.4319109385482081;1.6276442766017605;[0]
16;100;133;1.9189428699280657;0.4319109385482081;1.6276442766017605;[0]
17;100;133;0.0;0.4319109385482081;1.6276442766017605;[0]
18;100;133;1.1662050224032223;0.4319109385482081;1.6276442766017605;[0]
19;100;133;3.1702887284920522;0.4319109385482081;1.6276442766017605;[0]
20;100;133;0.0;0.4319109385482081;1.6276442766017605;[0]
21;100;133;0.24065171997804177;0.4319109385482081;1.6276442766017605;[0]
22;100;133;0.03753585812023098;0.4319109385482081;1.6276442766017605;[0]
23;100;133;1.2415934619856166;0.4319109385482081;1.6276442766017605;[0]
24;100;133;0.3168317292868732;0.4319109385482081;1.6276442766017605;[0]
0;100;134;0.4670580226858152;0.2777129814601464;2.1160979506516617;[0]
1;100;134;12.881965575212359;0.2777129814601464;2.1160979506516617;[0]
2;100;134;16.301750910095752;0.2777129814601464;2.1160979506516617;[0]
3;100;134;9.107123287199531;0.2777129814601464;2.1160979506516617;[0]
4;100;134;1.5892912248318014;0.2777129814601464;2.1160979506516617;[0]
5;100;134;2.070376205323217;0.2777129814601464;2.1160979506516617;[0]
6;100;134;2.3224713558035814;0.2777129814601464;2.1160979506516617;[0]
7;100;134;2.3162903800423558;0.2777129814601464;2.1160979506516617;[0]
8;100;134;0.0;0.2777129814601464;2.1160979506516617;[0]
9;100;134;2.6992151398931945;0.2777129814601464;2.1160979506516617;[0]
10;100;134;0.0;0.2777129814601464;2.1160979506516617;[0]
11;100;134;1.7934588856826583;0.2777129814601464;2.1160979506516617;[0]
12;100;134;0.8399481913861134;0.2777129814601464;2.1160979506516617;[0]
13;100;134;0.4044062811783435;0.2777129814601464;2.1160979506516617;[0]
14;100;134;0.7232398495791651;0.2777129814601464;2.1160979506516617;[0]
15;100;134;0.0;0.2777129814601464;2.1160979506516617;[0]
16;100;134;0.6752789578954248;0.2777129814601464;2.1160979506516617;[0]
17;100;134;0.2694267212777455;0.2777129814601464;2.1160979506516617;[0]
18;100;134;0.0;0.2777129814601464;2.1160979506516617;[0]
19;100;134;0.6632356789539687;0.2777129814601464;2.1160979506516617;[0]
20;100;134;0.0;0.2777129814601464;2.1160979506516617;[0]
21;100;134;5.974756734971569;0.2777129814601464;2.1160979506516617;[0]
22;100;134;4.513196222901715;0.2777129814601464;2.1160979506516617;[0]
23;100;134;0.100165068963142;0.2777129814601464;2.1160979506516617;[0]
24;100;134;5.175295482113818;0.2777129814601464;2.1160979506516617;[0]
0;100;135;3.770425345970062;0.343495155473963;1.6468791170005739;[0]
1;100;135;22.426986181499835;0.343495155473963;1.6468791170005739;[0]
2;100;135;19.918615872830667;0.343495155473963;1.6468791170005739;[0]
3;100;135;16.567187312192488;0.343495155473963;1.6468791170005739;[0]
4;100;135;16.843711576285006;0.343495155473963;1.6468791170005739;[0]
5;100;135;11.66940351870586;0.343495155473963;1.6468791170005739;[0]
6;100;135;7.600561267665556;0.343495155473963;1.6468791170005739;[0]
7;100;135;4.744531842955832;0.343495155473963;1.6468791170005739;[0]
8;100;135;1.3352809290767067;0.343495155473963;1.6468791170005739;[0]
9;100;135;4.098794608897265;0.343495155473963;1.6468791170005739;[0]
10;100;135;4.29273037905146;0.343495155473963;1.6468791170005739;[0]
11;100;135;2.015017667358597;0.343495155473963;1.6468791170005739;[0]
12;100;135;0.9090406556463991;0.343495155473963;1.6468791170005739;[0]
13;100;135;2.1187691820013983;0.343495155473963;1.6468791170005739;[0]
14;100;135;2.0014528253108947;0.343495155473963;1.6468791170005739;[0]
15;100;135;1.203852759964713;0.343495155473963;1.6468791170005739;[0]
16;100;135;1.206966933001992;0.343495155473963;1.6468791170005739;[0]
17;100;135;7.362912863307082;0.343495155473963;1.6468791170005739;[0]
18;100;135;0.0;0.343495155473963;1.6468791170005739;[0]
19;100;135;0.46946849976950444;0.343495155473963;1.6468791170005739;[0]
20;100;135;0.46002429452659893;0.343495155473963;1.6468791170005739;[0]
21;100;135;0.7400300029622545;0.343495155473963;1.6468791170005739;[0]
22;100;135;6.741244594718645;0.343495155473963;1.6468791170005739;[0]
23;100;135;7.505119851415742;0.343495155473963;1.6468791170005739;[0]
24;100;135;0.8062071901896531;0.343495155473963;1.6468791170005739;[0]
0;100;136;0.0;0.5369871626931961;1.2233560747279917;[0]
1;100;136;32.65322393753373;0.5369871626931961;1.2233560747279917;[0]
2;100;136;29.20254068259713;0.5369871626931961;1.2233560747279917;[0]
3;100;136;20.732428174860164;0.5369871626931961;1.2233560747279917;[0]
4;100;136;14.884385122448386;0.5369871626931961;1.2233560747279917;[0]
5;100;136;6.98290266271213;0.5369871626931961;1.2233560747279917;[0]
6;100;136;5.575247769704653;0.5369871626931961;1.2233560747279917;[0]
7;100;136;5.345133421325259;0.5369871626931961;1.2233560747279917;[0]
8;100;136;2.7700734597953716;0.5369871626931961;1.2233560747279917;[0]
9;100;136;2.883225133551072;0.5369871626931961;1.2233560747279917;[0]
10;100;136;2.461412755536857;0.5369871626931961;1.2233560747279917;[0]
11;100;136;0.7232645295196564;0.5369871626931961;1.2233560747279917;[0]
12;100;136;0.5417700492932641;0.5369871626931961;1.2233560747279917;[0]
13;100;136;3.689145866633485;0.5369871626931961;1.2233560747279917;[0]
14;100;136;0.0;0.5369871626931961;1.2233560747279917;[0]
15;100;136;2.140556857491047;0.5369871626931961;1.2233560747279917;[0]
16;100;136;4.015883015205528;0.5369871626931961;1.2233560747279917;[0]
17;100;136;0.18156799059834994;0.5369871626931961;1.2233560747279917;[0]
18;100;136;3.5775531645021217;0.5369871626931961;1.2233560747279917;[0]
19;100;136;3.3050138328684255;0.5369871626931961;1.2233560747279917;[0]
20;100;136;2.461342769430348;0.5369871626931961;1.2233560747279917;[0]
21;100;136;5.438095891398491;0.5369871626931961;1.2233560747279917;[0]
22;100;136;5.984175811508065;0.5369871626931961;1.2233560747279917;[0]
23;100;136;0.0;0.5369871626931961;1.2233560747279917;[0]
24;100;136;1.8879408181111854;0.5369871626931961;1.2233560747279917;[0]
0;100;137;0.706111007919746;0.6213516049860065;2.14793943118452;[0]
1;100;137;26.50069647421436;0.6213516049860065;2.14793943118452;[0]
2;100;137;21.66405478053684;0.6213516049860065;2.14793943118452;[0]
3;100;137;10.552907024435788;0.6213516049860065;2.14793943118452;[0]
4;100;137;4.553595251922621;0.6213516049860065;2.14793943118452;[0]
5;100;137;5.187911618470217;0.6213516049860065;2.14793943118452;[0]
6;100;137;2.7243631508515156;0.6213516049860065;2.14793943118452;[0]
7;100;137;1.000242177893595;0.6213516049860065;2.14793943118452;[0]
8;100;137;1.0210804080814788;0.6213516049860065;2.14793943118452;[0]
9;100;137;5.369851355389755;0.6213516049860065;2.14793943118452;[0]
10;100;137;0.0;0.6213516049860065;2.14793943118452;[0]
11;100;137;3.0545309340849998;0.6213516049860065;2.14793943118452;[0]
12;100;137;1.1016341766097695;0.6213516049860065;2.14793943118452;[0]
13;100;137;0.44386471217916057;0.6213516049860065;2.14793943118452;[0]
14;100;137;0.2835709467149238;0.6213516049860065;2.14793943118452;[0]
15;100;137;0.0;0.6213516049860065;2.14793943118452;[0]
16;100;137;3.2672000282013354;0.6213516049860065;2.14793943118452;[0]
17;100;137;3.0098591560006187;0.6213516049860065;2.14793943118452;[0]
18;100;137;4.8263366920057456;0.6213516049860065;2.14793943118452;[0]
19;100;137;0.0;0.6213516049860065;2.14793943118452;[0]
20;100;137;5.62174689255235;0.6213516049860065;2.14793943118452;[0]
21;100;137;0.0;0.6213516049860065;2.14793943118452;[0]
22;100;137;0.0;0.6213516049860065;2.14793943118452;[0]
23;100;137;0.0;0.6213516049860065;2.14793943118452;[0]
24;100;137;1.7741128279491865;0.6213516049860065;2.14793943118452;[0]
0;100;138;0.0;0.7989319853898307;1.6243078702834401;[0]
1;100;138;41.53087820480606;0.7989319853898307;1.6243078702834401;[0]
2;100;138;22.24948949723679;0.7989319853898307;1.6243078702834401;[0]
3;100;138;12.29370581082443;0.7989319853898307;1.6243078702834401;[0]
4;100;138;5.8252863832745465;0.7989319853898307;1.6243078702834401;[0]
5;100;138;7.816108270280731;0.7989319853898307;1.6243078702834401;[0]
6;100;138;5.718954751858773;0.7989319853898307;1.6243078702834401;[0]
7;100;138;0.0;0.7989319853898307;1.6243078702834401;[0]
8;100;138;3.612275733435627;0.7989319853898307;1.6243078702834401;[0]
9;100;138;0.0;0.7989319853898307;1.6243078702834401;[0]
10;100;138;2.4294592730492575;0.7989319853898307;1.6243078702834401;[0]
11;100;138;0.0;0.7989319853898307;1.6243078702834401;[0]
12;100;138;1.8143197456892903;0.7989319853898307;1.6243078702834401;[0]
13;100;138;4.221533040012389;0.7989319853898307;1.6243078702834401;[0]
14;100;138;0.0;0.7989319853898307;1.6243078702834401;[0]
15;100;138;5.147008871216669;0.7989319853898307;1.6243078702834401;[0]
16;100;138;3.738755246271376;0.7989319853898307;1.6243078702834401;[0]
17;100;138;0.6240985048260208;0.7989319853898307;1.6243078702834401;[0]
18;100;138;1.2317083501706587;0.7989319853898307;1.6243078702834401;[0]
19;100;138;4.461485558519563;0.7989319853898307;1.6243078702834401;[0]
20;100;138;3.463761036206766;0.7989319853898307;1.6243078702834401;[0]
21;100;138;0.0;0.7989319853898307;1.6243078702834401;[0]
22;100;138;1.9178769258877122;0.7989319853898307;1.6243078702834401;[0]
23;100;138;0.9310241012618881;0.7989319853898307;1.6243078702834401;[0]
24;100;138;6.151359893781852;0.7989319853898307;1.6243078702834401;[0]
0;100;139;3.118771366074291;0.6394566268528495;0.9661425325150369;[0]
1;100;139;42.3474251792703;0.6394566268528495;0.9661425325150369;[0]
2;100;139;36.22526065693344;0.6394566268528495;0.9661425325150369;[0]
3;100;139;29.921896639591118;0.6394566268528495;0.9661425325150369;[0]
4;100;139;20.73466867618351;0.6394566268528495;0.9661425325150369;[0]
5;100;139;13.582819389458667;0.6394566268528495;0.9661425325150369;[0]
6;100;139;8.862538691928979;0.6394566268528495;0.9661425325150369;[0]
7;100;139;5.165532952905226;0.6394566268528495;0.9661425325150369;[0]
8;100;139;0.9825134193291687;0.6394566268528495;0.9661425325150369;[0]
9;100;139;1.2078243239327173;0.6394566268528495;0.9661425325150369;[0]
10;100;139;4.481516836359349;0.6394566268528495;0.9661425325150369;[0]
11;100;139;2.7473291319636566;0.6394566268528495;0.9661425325150369;[0]
12;100;139;4.419624930621876;0.6394566268528495;0.9661425325150369;[0]
13;100;139;0.0;0.6394566268528495;0.9661425325150369;[0]
14;100;139;0.7008008797454357;0.6394566268528495;0.9661425325150369;[0]
15;100;139;4.136910965144512;0.6394566268528495;0.9661425325150369;[0]
16;100;139;0.17571458602737788;0.6394566268528495;0.9661425325150369;[0]
17;100;139;0.0;0.6394566268528495;0.9661425325150369;[0]
18;100;139;3.5698017647577016;0.6394566268528495;0.9661425325150369;[0]
19;100;139;0.0;0.6394566268528495;0.9661425325150369;[0]
20;100;139;1.0478882287257225;0.6394566268528495;0.9661425325150369;[0]
21;100;139;0.711992939807306;0.6394566268528495;0.9661425325150369;[0]
22;100;139;3.929362662589819;0.6394566268528495;0.9661425325150369;[0]
23;100;139;0.0;0.6394566268528495;0.9661425325150369;[0]
24;100;139;3.9202984207673315;0.6394566268528495;0.9661425325150369;[0]
0;100;140;0.0;0.5642597659417051;1.7482024163218752;[0]
1;100;140;16.230984694848743;0.5642597659417051;1.7482024163218752;[0]
2;100;140;22.120844036918417;0.5642597659417051;1.7482024163218752;[0]
3;100;140;13.349167554154342;0.5642597659417051;1.7482024163218752;[0]
4;100;140;8.525517140545334;0.5642597659417051;1.7482024163218752;[0]
5;100;140;6.274050035996098;0.5642597659417051;1.7482024163218752;[0]
6;100;140;5.018338942113388;0.5642597659417051;1.7482024163218752;[0]
7;100;140;4.8270600548223275;0.5642597659417051;1.7482024163218752;[0]
8;100;140;0.0;0.5642597659417051;1.7482024163218752;[0]
9;100;140;3.4900525003511422;0.5642597659417051;1.7482024163218752;[0]
10;100;140;2.133428713809295;0.5642597659417051;1.7482024163218752;[0]
11;100;140;1.2222447847963762;0.5642597659417051;1.7482024163218752;[0]
12;100;140;2.899519088890473;0.5642597659417051;1.7482024163218752;[0]
13;100;140;1.3547938149756316;0.5642597659417051;1.7482024163218752;[0]
14;100;140;0.43883288192346503;0.5642597659417051;1.7482024163218752;[0]
15;100;140;0.0;0.5642597659417051;1.7482024163218752;[0]
16;100;140;0.0;0.5642597659417051;1.7482024163218752;[0]
17;100;140;0.03773615817504856;0.5642597659417051;1.7482024163218752;[0]
18;100;140;0.4896998486745724;0.5642597659417051;1.7482024163218752;[0]
19;100;140;0.5223177600632198;0.5642597659417051;1.7482024163218752;[0]
20;100;140;0.0;0.5642597659417051;1.7482024163218752;[0]
21;100;140;0.4903641252006278;0.5642597659417051;1.7482024163218752;[0]
22;100;140;0.26689394753251944;0.5642597659417051;1.7482024163218752;[0]
23;100;140;0.2123339247002394;0.5642597659417051;1.7482024163218752;[0]
24;100;140;5.5421850062728;0.5642597659417051;1.7482024163218752;[0]
0;100;141;1.5294576867161505;0.7207907914158393;1.1717222076108462;[0]
1;100;141;36.1141711199562;0.7207907914158393;1.1717222076108462;[0]
2;100;141;39.887004908848574;0.7207907914158393;1.1717222076108462;[0]
3;100;141;23.02260927880661;0.7207907914158393;1.1717222076108462;[0]
4;100;141;10.524773968882913;0.7207907914158393;1.1717222076108462;[0]
5;100;141;4.908199155783506;0.7207907914158393;1.1717222076108462;[0]
6;100;141;6.484886257204076;0.7207907914158393;1.1717222076108462;[0]
7;100;141;7.343359558083756;0.7207907914158393;1.1717222076108462;[0]
8;100;141;3.100398420155784;0.7207907914158393;1.1717222076108462;[0]
9;100;141;3.260311571996611;0.7207907914158393;1.1717222076108462;[0]
10;100;141;1.2197980348239685;0.7207907914158393;1.1717222076108462;[0]
11;100;141;0.0;0.7207907914158393;1.1717222076108462;[0]
12;100;141;2.5288017801707108;0.7207907914158393;1.1717222076108462;[0]
13;100;141;3.508274212620683;0.7207907914158393;1.1717222076108462;[0]
14;100;141;0.1668314360577068;0.7207907914158393;1.1717222076108462;[0]
15;100;141;0.5900930988036147;0.7207907914158393;1.1717222076108462;[0]
16;100;141;0.46950142376378073;0.7207907914158393;1.1717222076108462;[0]
17;100;141;0.16302932142939583;0.7207907914158393;1.1717222076108462;[0]
18;100;141;1.657402738457613;0.7207907914158393;1.1717222076108462;[0]
19;100;141;3.567732117960137;0.7207907914158393;1.1717222076108462;[0]
20;100;141;0.12944368965410127;0.7207907914158393;1.1717222076108462;[0]
21;100;141;2.099012188697692;0.7207907914158393;1.1717222076108462;[0]
22;100;141;0.19019216894938584;0.7207907914158393;1.1717222076108462;[0]
23;100;141;0.0;0.7207907914158393;1.1717222076108462;[0]
24;100;141;0.0;0.7207907914158393;1.1717222076108462;[0]
0;100;142;8.234865199883647;0.8569834512534699;1.813672753094644;[0]
1;100;142;36.58116384731303;0.8569834512534699;1.813672753094644;[0]
2;100;142;28.43887791105162;0.8569834512534699;1.813672753094644;[0]
3;100;142;7.8934940636018185;0.8569834512534699;1.813672753094644;[0]
4;100;142;7.761899807825226;0.8569834512534699;1.813672753094644;[0]
5;100;142;1.376627414063193;0.8569834512534699;1.813672753094644;[0]
6;100;142;0.8370646728148881;0.8569834512534699;1.813672753094644;[0]
7;100;142;0.0;0.8569834512534699;1.813672753094644;[0]
8;100;142;3.323564857378571;0.8569834512534699;1.813672753094644;[0]
9;100;142;0.0;0.8569834512534699;1.813672753094644;[0]
10;100;142;3.384906942625969;0.8569834512534699;1.813672753094644;[0]
11;100;142;0.0;0.8569834512534699;1.813672753094644;[0]
12;100;142;1.6635577923289009;0.8569834512534699;1.813672753094644;[0]
13;100;142;4.494840930514935;0.8569834512534699;1.813672753094644;[0]
14;100;142;0.0;0.8569834512534699;1.813672753094644;[0]
15;100;142;0.0;0.8569834512534699;1.813672753094644;[0]
16;100;142;0.3153216673398168;0.8569834512534699;1.813672753094644;[0]
17;100;142;0.0;0.8569834512534699;1.813672753094644;[0]
18;100;142;3.0645178537943125;0.8569834512534699;1.813672753094644;[0]
19;100;142;3.031330257078939;0.8569834512534699;1.813672753094644;[0]
20;100;142;1.3284784872176896;0.8569834512534699;1.813672753094644;[0]
21;100;142;0.0;0.8569834512534699;1.813672753094644;[0]
22;100;142;1.991163118196744;0.8569834512534699;1.813672753094644;[0]
23;100;142;0.1652735007961087;0.8569834512534699;1.813672753094644;[0]
24;100;142;0.0;0.8569834512534699;1.813672753094644;[0]
0;100;143;0.0;0.9704872466603752;0.9068655161126422;[0]
1;100;143;49.22176615969005;0.9704872466603752;0.9068655161126422;[0]
2;100;143;45.98538030501625;0.9704872466603752;0.9068655161126422;[0]
3;100;143;27.728192799662157;0.9704872466603752;0.9068655161126422;[0]
4;100;143;18.848336433855955;0.9704872466603752;0.9068655161126422;[0]
5;100;143;7.867045688139106;0.9704872466603752;0.9068655161126422;[0]
6;100;143;8.268083245377417;0.9704872466603752;0.9068655161126422;[0]
7;100;143;2.6934095160550426;0.9704872466603752;0.9068655161126422;[0]
8;100;143;1.7828893981206653;0.9704872466603752;0.9068655161126422;[0]
9;100;143;1.3027391831435775;0.9704872466603752;0.9068655161126422;[0]
10;100;143;0.0;0.9704872466603752;0.9068655161126422;[0]
11;100;143;0.44398016660808914;0.9704872466603752;0.9068655161126422;[0]
12;100;143;4.003591465967081;0.9704872466603752;0.9068655161126422;[0]
13;100;143;0.7069433501374516;0.9704872466603752;0.9068655161126422;[0]
14;100;143;3.272871947553756;0.9704872466603752;0.9068655161126422;[0]
15;100;143;5.483311462447096;0.9704872466603752;0.9068655161126422;[0]
16;100;143;5.0223991565245365;0.9704872466603752;0.9068655161126422;[0]
17;100;143;1.41060837288873;0.9704872466603752;0.9068655161126422;[0]
18;100;143;1.3305198103882268;0.9704872466603752;0.9068655161126422;[0]
19;100;143;0.0;0.9704872466603752;0.9068655161126422;[0]
20;100;143;0.20814462107028742;0.9704872466603752;0.9068655161126422;[0]
21;100;143;1.0096425599764483;0.9704872466603752;0.9068655161126422;[0]
22;100;143;0.9719745627747869;0.9704872466603752;0.9068655161126422;[0]
23;100;143;0.13850972233979028;0.9704872466603752;0.9068655161126422;[0]
24;100;143;4.7797535104629345;0.9704872466603752;0.9068655161126422;[0]
0;100;144;0.0;0.8180104183088907;1.2398649046292525;[0]
1;100;144;36.72852134190366;0.8180104183088907;1.2398649046292525;[0]
2;100;144;33.02326361445224;0.8180104183088907;1.2398649046292525;[0]
3;100;144;24.223930892279384;0.8180104183088907;1.2398649046292525;[0]
4;100;144;17.735615626548977;0.8180104183088907;1.2398649046292525;[0]
5;100;144;14.237678895371957;0.8180104183088907;1.2398649046292525;[0]
6;100;144;2.7266305490771092;0.8180104183088907;1.2398649046292525;[0]
7;100;144;5.429770916890048;0.8180104183088907;1.2398649046292525;[0]
8;100;144;0.0;0.8180104183088907;1.2398649046292525;[0]
9;100;144;3.5136845253499285;0.8180104183088907;1.2398649046292525;[0]
10;100;144;1.6382240869469524;0.8180104183088907;1.2398649046292525;[0]
11;100;144;2.4830744966173857;0.8180104183088907;1.2398649046292525;[0]
12;100;144;2.1923799046819457;0.8180104183088907;1.2398649046292525;[0]
13;100;144;3.8681337515985494;0.8180104183088907;1.2398649046292525;[0]
14;100;144;0.0;0.8180104183088907;1.2398649046292525;[0]
15;100;144;0.803433665428841;0.8180104183088907;1.2398649046292525;[0]
16;100;144;4.982833710839982;0.8180104183088907;1.2398649046292525;[0]
17;100;144;0.23723008782755511;0.8180104183088907;1.2398649046292525;[0]
18;100;144;0.0;0.8180104183088907;1.2398649046292525;[0]
19;100;144;0.0;0.8180104183088907;1.2398649046292525;[0]
20;100;144;0.0;0.8180104183088907;1.2398649046292525;[0]
21;100;144;0.7420574699145077;0.8180104183088907;1.2398649046292525;[0]
22;100;144;0.9582126821152919;0.8180104183088907;1.2398649046292525;[0]
23;100;144;0.0;0.8180104183088907;1.2398649046292525;[0]
24;100;144;2.8834246658000797;0.8180104183088907;1.2398649046292525;[0]
0;100;145;4.8859508821524456;0.3872091877450478;1.79458311569582;[0]
1;100;145;17.87874522142284;0.3872091877450478;1.79458311569582;[0]
2;100;145;14.109689301807208;0.3872091877450478;1.79458311569582;[0]
3;100;145;10.335273761029821;0.3872091877450478;1.79458311569582;[0]
4;100;145;15.928416094761024;0.3872091877450478;1.79458311569582;[0]
5;100;145;5.0413858591856915;0.3872091877450478;1.79458311569582;[0]
6;100;145;3.4340358040153722;0.3872091877450478;1.79458311569582;[0]
7;100;145;2.3673353342236076;0.3872091877450478;1.79458311569582;[0]
8;100;145;3.8624184629815934;0.3872091877450478;1.79458311569582;[0]
9;100;145;4.35746593745094;0.3872091877450478;1.79458311569582;[0]
10;100;145;0.3721980503741015;0.3872091877450478;1.79458311569582;[0]
11;100;145;3.318096595850755;0.3872091877450478;1.79458311569582;[0]
12;100;145;2.8953759545353086;0.3872091877450478;1.79458311569582;[0]
13;100;145;3.353856080392344;0.3872091877450478;1.79458311569582;[0]
14;100;145;8.733002567878803;0.3872091877450478;1.79458311569582;[0]
15;100;145;0.896833814771293;0.3872091877450478;1.79458311569582;[0]
16;100;145;0.0;0.3872091877450478;1.79458311569582;[0]
17;100;145;0.7934196162724245;0.3872091877450478;1.79458311569582;[0]
18;100;145;0.6171443552050632;0.3872091877450478;1.79458311569582;[0]
19;100;145;0.0;0.3872091877450478;1.79458311569582;[0]
20;100;145;0.0;0.3872091877450478;1.79458311569582;[0]
21;100;145;2.791397438804448;0.3872091877450478;1.79458311569582;[0]
22;100;145;3.0303858691103533;0.3872091877450478;1.79458311569582;[0]
23;100;145;1.221543393006557;0.3872091877450478;1.79458311569582;[0]
24;100;145;3.0301321186331345;0.3872091877450478;1.79458311569582;[0]
0;100;146;0.0;0.6865188766801945;2.176319950167907;[0]
1;100;146;28.883523956382543;0.6865188766801945;2.176319950167907;[0]
2;100;146;23.65372838440468;0.6865188766801945;2.176319950167907;[0]
3;100;146;8.423245005234493;0.6865188766801945;2.176319950167907;[0]
4;100;146;7.9786545992572;0.6865188766801945;2.176319950167907;[0]
5;100;146;5.51022625219131;0.6865188766801945;2.176319950167907;[0]
6;100;146;3.7270381944068935;0.6865188766801945;2.176319950167907;[0]
7;100;146;3.1978530873005666;0.6865188766801945;2.176319950167907;[0]
8;100;146;0.19097424423958667;0.6865188766801945;2.176319950167907;[0]
9;100;146;0.0;0.6865188766801945;2.176319950167907;[0]
10;100;146;0.5771102090289321;0.6865188766801945;2.176319950167907;[0]
11;100;146;0.33038980465749374;0.6865188766801945;2.176319950167907;[0]
12;100;146;1.611847879530924;0.6865188766801945;2.176319950167907;[0]
13;100;146;0.9873831359313988;0.6865188766801945;2.176319950167907;[0]
14;100;146;0.7361086177840583;0.6865188766801945;2.176319950167907;[0]
15;100;146;0.0;0.6865188766801945;2.176319950167907;[0]
16;100;146;1.2318202037038462;0.6865188766801945;2.176319950167907;[0]
17;100;146;2.8562543417893567;0.6865188766801945;2.176319950167907;[0]
18;100;146;0.025033043202074765;0.6865188766801945;2.176319950167907;[0]
19;100;146;1.174330839709721;0.6865188766801945;2.176319950167907;[0]
20;100;146;4.969043194198414;0.6865188766801945;2.176319950167907;[0]
21;100;146;2.3763404633069474;0.6865188766801945;2.176319950167907;[0]
22;100;146;0.0;0.6865188766801945;2.176319950167907;[0]
23;100;146;0.024800906416710924;0.6865188766801945;2.176319950167907;[0]
24;100;146;0.0;0.6865188766801945;2.176319950167907;[0]
0;100;147;2.5126518143761185;0.6588308977521681;3.0669843892498236;[0]
1;100;147;17.68106619363381;0.6588308977521681;3.0669843892498236;[0]
2;100;147;5.391936547619579;0.6588308977521681;3.0669843892498236;[0]
3;100;147;0.39250098652473175;0.6588308977521681;3.0669843892498236;[0]
4;100;147;4.526865416654598;0.6588308977521681;3.0669843892498236;[0]
5;100;147;6.256039829629774;0.6588308977521681;3.0669843892498236;[0]
6;100;147;4.314832794871187;0.6588308977521681;3.0669843892498236;[0]
7;100;147;0.23380628858537553;0.6588308977521681;3.0669843892498236;[0]
8;100;147;0.0;0.6588308977521681;3.0669843892498236;[0]
9;100;147;2.493250943341828;0.6588308977521681;3.0669843892498236;[0]
10;100;147;0.9463158733615566;0.6588308977521681;3.0669843892498236;[0]
11;100;147;0.4567271461400021;0.6588308977521681;3.0669843892498236;[0]
12;100;147;1.1832067609282664;0.6588308977521681;3.0669843892498236;[0]
13;100;147;0.5890786767900109;0.6588308977521681;3.0669843892498236;[0]
14;100;147;0.5576126041437114;0.6588308977521681;3.0669843892498236;[0]
15;100;147;0.01156065299097502;0.6588308977521681;3.0669843892498236;[0]
16;100;147;1.3249159032199407;0.6588308977521681;3.0669843892498236;[0]
17;100;147;0.17182405304625908;0.6588308977521681;3.0669843892498236;[0]
18;100;147;4.643594328735269;0.6588308977521681;3.0669843892498236;[0]
19;100;147;0.8507495948138665;0.6588308977521681;3.0669843892498236;[0]
20;100;147;0.0;0.6588308977521681;3.0669843892498236;[0]
21;100;147;1.8847655538867465;0.6588308977521681;3.0669843892498236;[0]
22;100;147;0.0;0.6588308977521681;3.0669843892498236;[0]
23;100;147;0.0314245151599486;0.6588308977521681;3.0669843892498236;[0]
24;100;147;0.9187567544213313;0.6588308977521681;3.0669843892498236;[0]
0;100;148;0.0;0.7204459147388391;1.2773538669884623;[0]
1;100;148;29.09383409492695;0.7204459147388391;1.2773538669884623;[0]
2;100;148;29.476151362301117;0.7204459147388391;1.2773538669884623;[0]
3;100;148;26.34419209721936;0.7204459147388391;1.2773538669884623;[0]
4;100;148;18.88795644913846;0.7204459147388391;1.2773538669884623;[0]
5;100;148;5.219003444196612;0.7204459147388391;1.2773538669884623;[0]
6;100;148;3.0954938340680913;0.7204459147388391;1.2773538669884623;[0]
7;100;148;5.185468288598836;0.7204459147388391;1.2773538669884623;[0]
8;100;148;0.34670391886721674;0.7204459147388391;1.2773538669884623;[0]
9;100;148;1.6033071909150851;0.7204459147388391;1.2773538669884623;[0]
10;100;148;0.0;0.7204459147388391;1.2773538669884623;[0]
11;100;148;0.0;0.7204459147388391;1.2773538669884623;[0]
12;100;148;0.03746631396259635;0.7204459147388391;1.2773538669884623;[0]
13;100;148;0.4701538199454196;0.7204459147388391;1.2773538669884623;[0]
14;100;148;1.0192661730930703;0.7204459147388391;1.2773538669884623;[0]
15;100;148;2.185481479509154;0.7204459147388391;1.2773538669884623;[0]
16;100;148;3.3485891525083735;0.7204459147388391;1.2773538669884623;[0]
17;100;148;1.5096945870862977;0.7204459147388391;1.2773538669884623;[0]
18;100;148;0.0;0.7204459147388391;1.2773538669884623;[0]
19;100;148;0.9078518103553932;0.7204459147388391;1.2773538669884623;[0]
20;100;148;0.5487543253471403;0.7204459147388391;1.2773538669884623;[0]
21;100;148;0.1390205327950637;0.7204459147388391;1.2773538669884623;[0]
22;100;148;6.405464264469533;0.7204459147388391;1.2773538669884623;[0]
23;100;148;0.09235248803601934;0.7204459147388391;1.2773538669884623;[0]
24;100;148;0.0;0.7204459147388391;1.2773538669884623;[0]
0;100;149;6.104558864246802;0.6563608807463467;1.41973560610517;[0]
1;100;149;37.69407563727434;0.6563608807463467;1.41973560610517;[0]
2;100;149;25.162245248365696;0.6563608807463467;1.41973560610517;[0]
3;100;149;25.676739413694968;0.6563608807463467;1.41973560610517;[0]
4;100;149;4.837933254172769;0.6563608807463467;1.41973560610517;[0]
5;100;149;4.733868814624806;0.6563608807463467;1.41973560610517;[0]
6;100;149;2.9930404899263143;0.6563608807463467;1.41973560610517;[0]
7;100;149;0.0;0.6563608807463467;1.41973560610517;[0]
8;100;149;1.902318539423418;0.6563608807463467;1.41973560610517;[0]
9;100;149;0.0;0.6563608807463467;1.41973560610517;[0]
10;100;149;0.24113731079986722;0.6563608807463467;1.41973560610517;[0]
11;100;149;0.6459342416648944;0.6563608807463467;1.41973560610517;[0]
12;100;149;1.3121297690940057;0.6563608807463467;1.41973560610517;[0]
13;100;149;1.2957726834147945;0.6563608807463467;1.41973560610517;[0]
14;100;149;0.0;0.6563608807463467;1.41973560610517;[0]
15;100;149;0.0;0.6563608807463467;1.41973560610517;[0]
16;100;149;0.00448801264214185;0.6563608807463467;1.41973560610517;[0]
17;100;149;0.0;0.6563608807463467;1.41973560610517;[0]
18;100;149;1.8355747128193258;0.6563608807463467;1.41973560610517;[0]
19;100;149;0.47705196670658756;0.6563608807463467;1.41973560610517;[0]
20;100;149;0.0;0.6563608807463467;1.41973560610517;[0]
21;100;149;0.0;0.6563608807463467;1.41973560610517;[0]
22;100;149;5.262699147251694;0.6563608807463467;1.41973560610517;[0]
23;100;149;1.6384732032346;0.6563608807463467;1.41973560610517;[0]
24;100;149;0.0;0.6563608807463467;1.41973560610517;[0]
0;100;150;0.0;0.4726575037520668;2.5094322070989277;[0]
1;100;150;14.416223676083494;0.4726575037520668;2.5094322070989277;[0]
2;100;150;11.6373149391654;0.4726575037520668;2.5094322070989277;[0]
3;100;150;10.575039266561571;0.4726575037520668;2.5094322070989277;[0]
4;100;150;2.1760045691606322;0.4726575037520668;2.5094322070989277;[0]
5;100;150;3.8301852250969497;0.4726575037520668;2.5094322070989277;[0]
6;100;150;6.461665116282861;0.4726575037520668;2.5094322070989277;[0]
7;100;150;2.257179871879428;0.4726575037520668;2.5094322070989277;[0]
8;100;150;4.2633357231349525;0.4726575037520668;2.5094322070989277;[0]
9;100;150;4.3165411222354235;0.4726575037520668;2.5094322070989277;[0]
10;100;150;4.937514780756708;0.4726575037520668;2.5094322070989277;[0]
11;100;150;0.12292246710114252;0.4726575037520668;2.5094322070989277;[0]
12;100;150;1.026534402782379;0.4726575037520668;2.5094322070989277;[0]
13;100;150;0.0;0.4726575037520668;2.5094322070989277;[0]
14;100;150;2.1547628758547477;0.4726575037520668;2.5094322070989277;[0]
15;100;150;1.8590630898070235;0.4726575037520668;2.5094322070989277;[0]
16;100;150;0.9826816106191911;0.4726575037520668;2.5094322070989277;[0]
17;100;150;8.063549052865245;0.4726575037520668;2.5094322070989277;[0]
18;100;150;7.162935523643707;0.4726575037520668;2.5094322070989277;[0]
19;100;150;2.3780266683647397;0.4726575037520668;2.5094322070989277;[0]
20;100;150;6.781329247289956;0.4726575037520668;2.5094322070989277;[0]
21;100;150;0.6433857299703294;0.4726575037520668;2.5094322070989277;[0]
22;100;150;0.2878124309697626;0.4726575037520668;2.5094322070989277;[0]
23;100;150;0.174015947305263;0.4726575037520668;2.5094322070989277;[0]
24;100;150;0.0;0.4726575037520668;2.5094322070989277;[0]
0;100;151;0.0;0.5193911273831067;0.9530673349974126;[0]
1;100;151;32.443364142528665;0.5193911273831067;0.9530673349974126;[0]
2;100;151;30.41089744898861;0.5193911273831067;0.9530673349974126;[0]
3;100;151;28.590604775462754;0.5193911273831067;0.9530673349974126;[0]
4;100;151;20.34376664196394;0.5193911273831067;0.9530673349974126;[0]
5;100;151;11.559665050711052;0.5193911273831067;0.9530673349974126;[0]
6;100;151;2.5035350487968504;0.5193911273831067;0.9530673349974126;[0]
7;100;151;6.477846521393353;0.5193911273831067;0.9530673349974126;[0]
8;100;151;0.8664191103744244;0.5193911273831067;0.9530673349974126;[0]
9;100;151;0.3799602831776696;0.5193911273831067;0.9530673349974126;[0]
10;100;151;2.773555687366159;0.5193911273831067;0.9530673349974126;[0]
11;100;151;1.004327184833382;0.5193911273831067;0.9530673349974126;[0]
12;100;151;0.2915028827616858;0.5193911273831067;0.9530673349974126;[0]
13;100;151;0.0;0.5193911273831067;0.9530673349974126;[0]
14;100;151;2.8274343303901417;0.5193911273831067;0.9530673349974126;[0]
15;100;151;1.255615238458335;0.5193911273831067;0.9530673349974126;[0]
16;100;151;0.0;0.5193911273831067;0.9530673349974126;[0]
17;100;151;1.473425866878572;0.5193911273831067;0.9530673349974126;[0]
18;100;151;0.0;0.5193911273831067;0.9530673349974126;[0]
19;100;151;2.94787774338272;0.5193911273831067;0.9530673349974126;[0]
20;100;151;0.0;0.5193911273831067;0.9530673349974126;[0]
21;100;151;0.41334171344671594;0.5193911273831067;0.9530673349974126;[0]
22;100;151;0.0;0.5193911273831067;0.9530673349974126;[0]
23;100;151;4.811767023207049;0.5193911273831067;0.9530673349974126;[0]
24;100;151;0.0;0.5193911273831067;0.9530673349974126;[0]
0;100;152;2.4729995028737117;1.219317567466107;2.3253306018105424;[0]
1;100;152;33.22118918034826;1.219317567466107;2.3253306018105424;[0]
2;100;152;18.792654200656745;1.219317567466107;2.3253306018105424;[0]
3;100;152;13.407930171116863;1.219317567466107;2.3253306018105424;[0]
4;100;152;0.37241329937883916;1.219317567466107;2.3253306018105424;[0]
5;100;152;0.32956969623900856;1.219317567466107;2.3253306018105424;[0]
6;100;152;0.16075001987476847;1.219317567466107;2.3253306018105424;[0]
7;100;152;0.0;1.219317567466107;2.3253306018105424;[0]
8;100;152;5.863232471985876;1.219317567466107;2.3253306018105424;[0]
9;100;152;1.5799340401089619;1.219317567466107;2.3253306018105424;[0]
10;100;152;3.2002218224496;1.219317567466107;2.3253306018105424;[0]
11;100;152;3.2052062356997957;1.219317567466107;2.3253306018105424;[0]
12;100;152;0.21036799858444974;1.219317567466107;2.3253306018105424;[0]
13;100;152;4.737641353322088;1.219317567466107;2.3253306018105424;[0]
14;100;152;1.3235549919580525;1.219317567466107;2.3253306018105424;[0]
15;100;152;0.0;1.219317567466107;2.3253306018105424;[0]
16;100;152;0.0;1.219317567466107;2.3253306018105424;[0]
17;100;152;1.7429995165248653;1.219317567466107;2.3253306018105424;[0]
18;100;152;0.8997684624913564;1.219317567466107;2.3253306018105424;[0]
19;100;152;8.249223437836202;1.219317567466107;2.3253306018105424;[0]
20;100;152;0.0;1.219317567466107;2.3253306018105424;[0]
21;100;152;1.2155105913010251;1.219317567466107;2.3253306018105424;[0]
22;100;152;0.43299370142206506;1.219317567466107;2.3253306018105424;[0]
23;100;152;0.03412236387059681;1.219317567466107;2.3253306018105424;[0]
24;100;152;0.0;1.219317567466107;2.3253306018105424;[0]
0;100;153;3.000986757659717;0.8988631112469289;0.41985564286677485;[0]
1;100;153;52.23700398639992;0.8988631112469289;0.41985564286677485;[0]
2;100;153;60.14917922185286;0.8988631112469289;0.41985564286677485;[0]
3;100;153;59.863140133427706;0.8988631112469289;0.41985564286677485;[0]
4;100;153;47.810689696521315;0.8988631112469289;0.41985564286677485;[0]
5;100;153;34.38805313459916;0.8988631112469289;0.41985564286677485;[0]
6;100;153;27.65726295031326;0.8988631112469289;0.41985564286677485;[0]
7;100;153;18.36403306111386;0.8988631112469289;0.41985564286677485;[0]
8;100;153;19.157639882282545;0.8988631112469289;0.41985564286677485;[0]
9;100;153;18.107263434323933;0.8988631112469289;0.41985564286677485;[0]
10;100;153;5.9639200487665125;0.8988631112469289;0.41985564286677485;[0]
11;100;153;6.5331906729199325;0.8988631112469289;0.41985564286677485;[0]
12;100;153;5.0144570170258325;0.8988631112469289;0.41985564286677485;[0]
13;100;153;1.6714232995275453;0.8988631112469289;0.41985564286677485;[0]
14;100;153;2.8648840420595647;0.8988631112469289;0.41985564286677485;[0]
15;100;153;0.0;0.8988631112469289;0.41985564286677485;[0]
16;100;153;0.0;0.8988631112469289;0.41985564286677485;[0]
17;100;153;1.3502593400751997;0.8988631112469289;0.41985564286677485;[0]
18;100;153;0.4788283770170895;0.8988631112469289;0.41985564286677485;[0]
19;100;153;2.490017861229708;0.8988631112469289;0.41985564286677485;[0]
20;100;153;0.0;0.8988631112469289;0.41985564286677485;[0]
21;100;153;4.494671499342616;0.8988631112469289;0.41985564286677485;[0]
22;100;153;0.2939936262282824;0.8988631112469289;0.41985564286677485;[0]
23;100;153;0.0;0.8988631112469289;0.41985564286677485;[0]
24;100;153;11.028395302227942;0.8988631112469289;0.41985564286677485;[0]
0;100;154;2.4126609368818914;0.8662834424939676;1.948720411207091;[0]
1;100;154;34.0981321272517;0.8662834424939676;1.948720411207091;[0]
2;100;154;25.621822838221156;0.8662834424939676;1.948720411207091;[0]
3;100;154;14.809791784658763;0.8662834424939676;1.948720411207091;[0]
4;100;154;4.136899709261041;0.8662834424939676;1.948720411207091;[0]
5;100;154;6.05247059012345;0.8662834424939676;1.948720411207091;[0]
6;100;154;8.714480270924916;0.8662834424939676;1.948720411207091;[0]
7;100;154;1.9814513989854143;0.8662834424939676;1.948720411207091;[0]
8;100;154;0.5044958557905523;0.8662834424939676;1.948720411207091;[0]
9;100;154;0.0;0.8662834424939676;1.948720411207091;[0]
10;100;154;0.0;0.8662834424939676;1.948720411207091;[0]
11;100;154;0.8306068070161249;0.8662834424939676;1.948720411207091;[0]
12;100;154;0.0;0.8662834424939676;1.948720411207091;[0]
13;100;154;0.7800461891002637;0.8662834424939676;1.948720411207091;[0]
14;100;154;0.5961643707111706;0.8662834424939676;1.948720411207091;[0]
15;100;154;0.0;0.8662834424939676;1.948720411207091;[0]
16;100;154;3.0255624980432723;0.8662834424939676;1.948720411207091;[0]
17;100;154;0.9114399697185975;0.8662834424939676;1.948720411207091;[0]
18;100;154;1.8451640611574447;0.8662834424939676;1.948720411207091;[0]
19;100;154;1.1170260150859466;0.8662834424939676;1.948720411207091;[0]
20;100;154;4.286988841532962;0.8662834424939676;1.948720411207091;[0]
21;100;154;2.5614992976517468;0.8662834424939676;1.948720411207091;[0]
22;100;154;0.10441126398403326;0.8662834424939676;1.948720411207091;[0]
23;100;154;0.00016213718128651122;0.8662834424939676;1.948720411207091;[0]
24;100;154;0.0;0.8662834424939676;1.948720411207091;[0]
0;100;155;0.0;0.6173478223744723;2.4139393969670366;[0]
1;100;155;24.084420212308096;0.6173478223744723;2.4139393969670366;[0]
2;100;155;21.216264663731156;0.6173478223744723;2.4139393969670366;[0]
3;100;155;3.39022572942455;0.6173478223744723;2.4139393969670366;[0]
4;100;155;6.139220528124554;0.6173478223744723;2.4139393969670366;[0]
5;100;155;1.9982324229660628;0.6173478223744723;2.4139393969670366;[0]
6;100;155;0.6530442548315833;0.6173478223744723;2.4139393969670366;[0]
7;100;155;2.928028765197634;0.6173478223744723;2.4139393969670366;[0]
8;100;155;3.674406311738757;0.6173478223744723;2.4139393969670366;[0]
9;100;155;4.126068116114944;0.6173478223744723;2.4139393969670366;[0]
10;100;155;0.0;0.6173478223744723;2.4139393969670366;[0]
11;100;155;0.0;0.6173478223744723;2.4139393969670366;[0]
12;100;155;0.0;0.6173478223744723;2.4139393969670366;[0]
13;100;155;2.913619785933081;0.6173478223744723;2.4139393969670366;[0]
14;100;155;3.304335870480096;0.6173478223744723;2.4139393969670366;[0]
15;100;155;0.9936343493240276;0.6173478223744723;2.4139393969670366;[0]
16;100;155;1.2400653225616367;0.6173478223744723;2.4139393969670366;[0]
17;100;155;0.1498105853342097;0.6173478223744723;2.4139393969670366;[0]
18;100;155;0.610461685669367;0.6173478223744723;2.4139393969670366;[0]
19;100;155;0.0;0.6173478223744723;2.4139393969670366;[0]
20;100;155;0.0;0.6173478223744723;2.4139393969670366;[0]
21;100;155;3.9203484925405685;0.6173478223744723;2.4139393969670366;[0]
22;100;155;2.1768985096420654;0.6173478223744723;2.4139393969670366;[0]
23;100;155;0.1119410393071419;0.6173478223744723;2.4139393969670366;[0]
24;100;155;1.2697823323932949;0.6173478223744723;2.4139393969670366;[0]
0;100;156;0.0;1.6832797510810875;1.6949630801585127;[0]
1;100;156;48.01720555957973;1.6832797510810875;1.6949630801585127;[0]
2;100;156;17.340980270904915;1.6832797510810875;1.6949630801585127;[0]
3;100;156;3.369022428335896;1.6832797510810875;1.6949630801585127;[0]
4;100;156;8.348650757130782;1.6832797510810875;1.6949630801585127;[0]
5;100;156;0.0;1.6832797510810875;1.6949630801585127;[0]
6;100;156;0.0;1.6832797510810875;1.6949630801585127;[0]
7;100;156;0.0;1.6832797510810875;1.6949630801585127;[0]
8;100;156;1.7256449126529203;1.6832797510810875;1.6949630801585127;[0]
9;100;156;0.30727422949506666;1.6832797510810875;1.6949630801585127;[0]
10;100;156;1.9571453371308785;1.6832797510810875;1.6949630801585127;[0]
11;100;156;2.8576977367330167;1.6832797510810875;1.6949630801585127;[0]
12;100;156;1.3711254280272789;1.6832797510810875;1.6949630801585127;[0]
13;100;156;0.0;1.6832797510810875;1.6949630801585127;[0]
14;100;156;1.527241457303954;1.6832797510810875;1.6949630801585127;[0]
15;100;156;1.6160002201016965;1.6832797510810875;1.6949630801585127;[0]
16;100;156;1.5082215763860056;1.6832797510810875;1.6949630801585127;[0]
17;100;156;3.1480068531386483;1.6832797510810875;1.6949630801585127;[0]
18;100;156;0.0;1.6832797510810875;1.6949630801585127;[0]
19;100;156;0.5762324876394562;1.6832797510810875;1.6949630801585127;[0]
20;100;156;0.0;1.6832797510810875;1.6949630801585127;[0]
21;100;156;3.723291970276831;1.6832797510810875;1.6949630801585127;[0]
22;100;156;0.0;1.6832797510810875;1.6949630801585127;[0]
23;100;156;2.878508195959757;1.6832797510810875;1.6949630801585127;[0]
24;100;156;0.0;1.6832797510810875;1.6949630801585127;[0]
0;100;157;1.6535358000243203;1.447384497788234;0.6868773758722985;[0]
1;100;157;62.12439219393732;1.447384497788234;0.6868773758722985;[0]
2;100;157;55.07525174169615;1.447384497788234;0.6868773758722985;[0]
3;100;157;32.07869929237264;1.447384497788234;0.6868773758722985;[0]
4;100;157;22.90334747080414;1.447384497788234;0.6868773758722985;[0]
5;100;157;13.425465190434576;1.447384497788234;0.6868773758722985;[0]
6;100;157;10.267739517471545;1.447384497788234;0.6868773758722985;[0]
7;100;157;8.651498723208945;1.447384497788234;0.6868773758722985;[0]
8;100;157;6.929445396699464;1.447384497788234;0.6868773758722985;[0]
9;100;157;2.1267194638322318;1.447384497788234;0.6868773758722985;[0]
10;100;157;0.0;1.447384497788234;0.6868773758722985;[0]
11;100;157;3.2781427138260884;1.447384497788234;0.6868773758722985;[0]
12;100;157;0.2218363525187637;1.447384497788234;0.6868773758722985;[0]
13;100;157;2.0135759984599164;1.447384497788234;0.6868773758722985;[0]
14;100;157;0.9175222976096552;1.447384497788234;0.6868773758722985;[0]
15;100;157;2.932350400449171;1.447384497788234;0.6868773758722985;[0]
16;100;157;0.227793957678124;1.447384497788234;0.6868773758722985;[0]
17;100;157;0.0;1.447384497788234;0.6868773758722985;[0]
18;100;157;5.043501854650337;1.447384497788234;0.6868773758722985;[0]
19;100;157;4.471848148745403;1.447384497788234;0.6868773758722985;[0]
20;100;157;0.0;1.447384497788234;0.6868773758722985;[0]
21;100;157;2.9209978389487627;1.447384497788234;0.6868773758722985;[0]
22;100;157;0.0;1.447384497788234;0.6868773758722985;[0]
23;100;157;2.43724459397742;1.447384497788234;0.6868773758722985;[0]
24;100;157;1.6998902346428444;1.447384497788234;0.6868773758722985;[0]
0;100;158;5.849539504276322;0.4807951110768658;0.8949987297379509;[0]
1;100;158;28.8504882432415;0.4807951110768658;0.8949987297379509;[0]
2;100;158;30.453923042224485;0.4807951110768658;0.8949987297379509;[0]
3;100;158;28.214153873943552;0.4807951110768658;0.8949987297379509;[0]
4;100;158;26.00805602649813;0.4807951110768658;0.8949987297379509;[0]
5;100;158;17.813687525255073;0.4807951110768658;0.8949987297379509;[0]
6;100;158;18.094437617177512;0.4807951110768658;0.8949987297379509;[0]
7;100;158;9.008059014138036;0.4807951110768658;0.8949987297379509;[0]
8;100;158;5.524508994093944;0.4807951110768658;0.8949987297379509;[0]
9;100;158;5.598304803150043;0.4807951110768658;0.8949987297379509;[0]
10;100;158;4.864207800538468;0.4807951110768658;0.8949987297379509;[0]
11;100;158;3.2879199290425323;0.4807951110768658;0.8949987297379509;[0]
12;100;158;4.072032902121613;0.4807951110768658;0.8949987297379509;[0]
13;100;158;3.636577206010487;0.4807951110768658;0.8949987297379509;[0]
14;100;158;0.44874905148227934;0.4807951110768658;0.8949987297379509;[0]
15;100;158;0.0;0.4807951110768658;0.8949987297379509;[0]
16;100;158;3.483048828578865;0.4807951110768658;0.8949987297379509;[0]
17;100;158;0.5556955394895909;0.4807951110768658;0.8949987297379509;[0]
18;100;158;0.0;0.4807951110768658;0.8949987297379509;[0]
19;100;158;0.02284070299846537;0.4807951110768658;0.8949987297379509;[0]
20;100;158;0.0;0.4807951110768658;0.8949987297379509;[0]
21;100;158;0.0;0.4807951110768658;0.8949987297379509;[0]
22;100;158;2.072828698654182;0.4807951110768658;0.8949987297379509;[0]
23;100;158;0.0;0.4807951110768658;0.8949987297379509;[0]
24;100;158;3.977034109036771;0.4807951110768658;0.8949987297379509;[0]
0;100;159;1.659718944868949;0.767407750632776;1.4955587507159782;[0]
1;100;159;30.670997567801056;0.767407750632776;1.4955587507159782;[0]
2;100;159;23.917888928969457;0.767407750632776;1.4955587507159782;[0]
3;100;159;19.750772068429022;0.767407750632776;1.4955587507159782;[0]
4;100;159;7.663143782431579;0.767407750632776;1.4955587507159782;[0]
5;100;159;7.198874326160689;0.767407750632776;1.4955587507159782;[0]
6;100;159;8.052726932133433;0.767407750632776;1.4955587507159782;[0]
7;100;159;0.0;0.767407750632776;1.4955587507159782;[0]
8;100;159;1.4633369681047357;0.767407750632776;1.4955587507159782;[0]
9;100;159;0.0;0.767407750632776;1.4955587507159782;[0]
10;100;159;0.6669450978155368;0.767407750632776;1.4955587507159782;[0]
11;100;159;0.0;0.767407750632776;1.4955587507159782;[0]
12;100;159;0.0;0.767407750632776;1.4955587507159782;[0]
13;100;159;4.715008198734016;0.767407750632776;1.4955587507159782;[0]
14;100;159;2.8634762510990326;0.767407750632776;1.4955587507159782;[0]
15;100;159;1.173626809448446;0.767407750632776;1.4955587507159782;[0]
16;100;159;1.8531098901453;0.767407750632776;1.4955587507159782;[0]
17;100;159;3.126831222800603;0.767407750632776;1.4955587507159782;[0]
18;100;159;0.0;0.767407750632776;1.4955587507159782;[0]
19;100;159;0.19423926694609864;0.767407750632776;1.4955587507159782;[0]
20;100;159;2.1078187434507645;0.767407750632776;1.4955587507159782;[0]
21;100;159;0.11073001422209365;0.767407750632776;1.4955587507159782;[0]
22;100;159;0.24341657150471827;0.767407750632776;1.4955587507159782;[0]
23;100;159;0.2773397251850484;0.767407750632776;1.4955587507159782;[0]
24;100;159;0.0;0.767407750632776;1.4955587507159782;[0]
0;100;160;0.0;1.031038335815498;0.6490832738241653;[0]
1;100;160;60.33025355579659;1.031038335815498;0.6490832738241653;[0]
2;100;160;52.397039230562456;1.031038335815498;0.6490832738241653;[0]
3;100;160;49.96921543052015;1.031038335815498;0.6490832738241653;[0]
4;100;160;28.566618911938523;1.031038335815498;0.6490832738241653;[0]
5;100;160;19.96024163556264;1.031038335815498;0.6490832738241653;[0]
6;100;160;9.754084274847774;1.031038335815498;0.6490832738241653;[0]
7;100;160;13.209785231692647;1.031038335815498;0.6490832738241653;[0]
8;100;160;6.65673868465151;1.031038335815498;0.6490832738241653;[0]
9;100;160;3.979851332242854;1.031038335815498;0.6490832738241653;[0]
10;100;160;6.2444158663403595;1.031038335815498;0.6490832738241653;[0]
11;100;160;2.243563405455679;1.031038335815498;0.6490832738241653;[0]
12;100;160;7.026230540303263;1.031038335815498;0.6490832738241653;[0]
13;100;160;5.317623021641544;1.031038335815498;0.6490832738241653;[0]
14;100;160;3.7824387325048217;1.031038335815498;0.6490832738241653;[0]
15;100;160;2.373413180026964;1.031038335815498;0.6490832738241653;[0]
16;100;160;0.9877998293924477;1.031038335815498;0.6490832738241653;[0]
17;100;160;2.8892048273383204;1.031038335815498;0.6490832738241653;[0]
18;100;160;0.5192400374375611;1.031038335815498;0.6490832738241653;[0]
19;100;160;0.0;1.031038335815498;0.6490832738241653;[0]
20;100;160;1.2948057384268947;1.031038335815498;0.6490832738241653;[0]
21;100;160;1.9330323022854554;1.031038335815498;0.6490832738241653;[0]
22;100;160;0.0;1.031038335815498;0.6490832738241653;[0]
23;100;160;0.0;1.031038335815498;0.6490832738241653;[0]
24;100;160;0.0;1.031038335815498;0.6490832738241653;[0]
0;100;161;6.182618468813291;0.47858140489086315;1.4911870092590198;[0]
1;100;161;28.964923331062778;0.47858140489086315;1.4911870092590198;[0]
2;100;161;23.610306700175485;0.47858140489086315;1.4911870092590198;[0]
3;100;161;14.690340223486672;0.47858140489086315;1.4911870092590198;[0]
4;100;161;12.577594039651384;0.47858140489086315;1.4911870092590198;[0]
5;100;161;8.528603414293132;0.47858140489086315;1.4911870092590198;[0]
6;100;161;2.888311581377825;0.47858140489086315;1.4911870092590198;[0]
7;100;161;0.740050321659383;0.47858140489086315;1.4911870092590198;[0]
8;100;161;5.50680861733402;0.47858140489086315;1.4911870092590198;[0]
9;100;161;0.19963931810802626;0.47858140489086315;1.4911870092590198;[0]
10;100;161;8.55371546328227;0.47858140489086315;1.4911870092590198;[0]
11;100;161;5.251460874771861;0.47858140489086315;1.4911870092590198;[0]
12;100;161;3.004224434523352;0.47858140489086315;1.4911870092590198;[0]
13;100;161;0.018904783606141715;0.47858140489086315;1.4911870092590198;[0]
14;100;161;2.116679767834274;0.47858140489086315;1.4911870092590198;[0]
15;100;161;4.4889720969670925;0.47858140489086315;1.4911870092590198;[0]
16;100;161;1.041624478209567;0.47858140489086315;1.4911870092590198;[0]
17;100;161;2.0405581336756056;0.47858140489086315;1.4911870092590198;[0]
18;100;161;0.0;0.47858140489086315;1.4911870092590198;[0]
19;100;161;0.46226854477761686;0.47858140489086315;1.4911870092590198;[0]
20;100;161;0.0;0.47858140489086315;1.4911870092590198;[0]
21;100;161;5.2109060519084185;0.47858140489086315;1.4911870092590198;[0]
22;100;161;3.7178018091216236;0.47858140489086315;1.4911870092590198;[0]
23;100;161;4.846679767089303;0.47858140489086315;1.4911870092590198;[0]
24;100;161;1.5527249656022262;0.47858140489086315;1.4911870092590198;[0]
0;100;162;0.5702886405852279;1.8363638678500367;1.1279339086808176;[0]
1;100;162;64.06851977926215;1.8363638678500367;1.1279339086808176;[0]
2;100;162;38.76235966933492;1.8363638678500367;1.1279339086808176;[0]
3;100;162;16.47181999318829;1.8363638678500367;1.1279339086808176;[0]
4;100;162;5.584445557583205;1.8363638678500367;1.1279339086808176;[0]
5;100;162;3.2153251177789692;1.8363638678500367;1.1279339086808176;[0]
6;100;162;3.099966594145104;1.8363638678500367;1.1279339086808176;[0]
7;100;162;0.0;1.8363638678500367;1.1279339086808176;[0]
8;100;162;0.01162069852873739;1.8363638678500367;1.1279339086808176;[0]
9;100;162;2.4180371456863683;1.8363638678500367;1.1279339086808176;[0]
10;100;162;3.06600643845751;1.8363638678500367;1.1279339086808176;[0]
11;100;162;1.6518992062277205;1.8363638678500367;1.1279339086808176;[0]
12;100;162;1.5257678215647386;1.8363638678500367;1.1279339086808176;[0]
13;100;162;5.4848394085893855;1.8363638678500367;1.1279339086808176;[0]
14;100;162;3.7996407239949934;1.8363638678500367;1.1279339086808176;[0]
15;100;162;2.915953504420467;1.8363638678500367;1.1279339086808176;[0]
16;100;162;0.025697869192282306;1.8363638678500367;1.1279339086808176;[0]
17;100;162;4.848151316545378;1.8363638678500367;1.1279339086808176;[0]
18;100;162;0.8966966801791896;1.8363638678500367;1.1279339086808176;[0]
19;100;162;0.0;1.8363638678500367;1.1279339086808176;[0]
20;100;162;0.0;1.8363638678500367;1.1279339086808176;[0]
21;100;162;2.2390884752645293;1.8363638678500367;1.1279339086808176;[0]
22;100;162;3.027904807107011;1.8363638678500367;1.1279339086808176;[0]
23;100;162;0.3661299927650483;1.8363638678500367;1.1279339086808176;[0]
24;100;162;0.3868145978550513;1.8363638678500367;1.1279339086808176;[0]
0;100;163;4.550657179686995;0.49319167615696285;2.6952045657844326;[0]
1;100;163;23.007150202844716;0.49319167615696285;2.6952045657844326;[0]
2;100;163;7.102312302821572;0.49319167615696285;2.6952045657844326;[0]
3;100;163;12.725472282190394;0.49319167615696285;2.6952045657844326;[0]
4;100;163;6.156610041381576;0.49319167615696285;2.6952045657844326;[0]
5;100;163;1.2123432452258145;0.49319167615696285;2.6952045657844326;[0]
6;100;163;0.0;0.49319167615696285;2.6952045657844326;[0]
7;100;163;0.0;0.49319167615696285;2.6952045657844326;[0]
8;100;163;1.5890236032003795;0.49319167615696285;2.6952045657844326;[0]
9;100;163;1.0886271386853585;0.49319167615696285;2.6952045657844326;[0]
10;100;163;3.7019661539896624;0.49319167615696285;2.6952045657844326;[0]
11;100;163;0.0;0.49319167615696285;2.6952045657844326;[0]
12;100;163;0.055702648829295334;0.49319167615696285;2.6952045657844326;[0]
13;100;163;0.0;0.49319167615696285;2.6952045657844326;[0]
14;100;163;0.5852460496471505;0.49319167615696285;2.6952045657844326;[0]
15;100;163;2.7395632579816716;0.49319167615696285;2.6952045657844326;[0]
16;100;163;1.0988328156237;0.49319167615696285;2.6952045657844326;[0]
17;100;163;0.0;0.49319167615696285;2.6952045657844326;[0]
18;100;163;1.0410391008416569;0.49319167615696285;2.6952045657844326;[0]
19;100;163;4.263486528697042;0.49319167615696285;2.6952045657844326;[0]
20;100;163;2.0572671744832434;0.49319167615696285;2.6952045657844326;[0]
21;100;163;0.22774612047586176;0.49319167615696285;2.6952045657844326;[0]
22;100;163;0.1362199090049298;0.49319167615696285;2.6952045657844326;[0]
23;100;163;0.5316404705516373;0.49319167615696285;2.6952045657844326;[0]
24;100;163;3.3891544815396024;0.49319167615696285;2.6952045657844326;[0]
0;100;164;4.750401720080319;0.5464426680152523;2.0875447311191606;[0]
1;100;164;25.805985144734574;0.5464426680152523;2.0875447311191606;[0]
2;100;164;18.103577812174144;0.5464426680152523;2.0875447311191606;[0]
3;100;164;13.896431707026267;0.5464426680152523;2.0875447311191606;[0]
4;100;164;12.249833550002133;0.5464426680152523;2.0875447311191606;[0]
5;100;164;6.675549451273687;0.5464426680152523;2.0875447311191606;[0]
6;100;164;2.9406488040181777;0.5464426680152523;2.0875447311191606;[0]
7;100;164;7.255689275951328;0.5464426680152523;2.0875447311191606;[0]
8;100;164;1.1160962842068216;0.5464426680152523;2.0875447311191606;[0]
9;100;164;1.4512881109716633;0.5464426680152523;2.0875447311191606;[0]
10;100;164;3.6900662738448844;0.5464426680152523;2.0875447311191606;[0]
11;100;164;0.0;0.5464426680152523;2.0875447311191606;[0]
12;100;164;0.0;0.5464426680152523;2.0875447311191606;[0]
13;100;164;1.4705333829564389;0.5464426680152523;2.0875447311191606;[0]
14;100;164;0.0;0.5464426680152523;2.0875447311191606;[0]
15;100;164;3.873451447873914;0.5464426680152523;2.0875447311191606;[0]
16;100;164;2.792233133693806;0.5464426680152523;2.0875447311191606;[0]
17;100;164;1.3969957127710546;0.5464426680152523;2.0875447311191606;[0]
18;100;164;0.29600191078533933;0.5464426680152523;2.0875447311191606;[0]
19;100;164;4.264118116053295;0.5464426680152523;2.0875447311191606;[0]
20;100;164;1.3645107151697058;0.5464426680152523;2.0875447311191606;[0]
21;100;164;2.631896599857128;0.5464426680152523;2.0875447311191606;[0]
22;100;164;2.1978297907519875;0.5464426680152523;2.0875447311191606;[0]
23;100;164;0.23866968628129248;0.5464426680152523;2.0875447311191606;[0]
24;100;164;0.0;0.5464426680152523;2.0875447311191606;[0]
0;100;165;0.0;0.4285274696339495;0.7657385981642352;[0]
1;100;165;24.315190832403324;0.4285274696339495;0.7657385981642352;[0]
2;100;165;36.646740220774966;0.4285274696339495;0.7657385981642352;[0]
3;100;165;34.20862378199094;0.4285274696339495;0.7657385981642352;[0]
4;100;165;28.85875063278141;0.4285274696339495;0.7657385981642352;[0]
5;100;165;29.34994815101112;0.4285274696339495;0.7657385981642352;[0]
6;100;165;17.22373274467347;0.4285274696339495;0.7657385981642352;[0]
7;100;165;13.838773191151526;0.4285274696339495;0.7657385981642352;[0]
8;100;165;7.788988255417412;0.4285274696339495;0.7657385981642352;[0]
9;100;165;8.6705165938673;0.4285274696339495;0.7657385981642352;[0]
10;100;165;4.66744864177447;0.4285274696339495;0.7657385981642352;[0]
11;100;165;2.3586447319781;0.4285274696339495;0.7657385981642352;[0]
12;100;165;2.9173460439221666;0.4285274696339495;0.7657385981642352;[0]
13;100;165;2.279930471129035;0.4285274696339495;0.7657385981642352;[0]
14;100;165;0.879382487572455;0.4285274696339495;0.7657385981642352;[0]
15;100;165;0.8161903860052924;0.4285274696339495;0.7657385981642352;[0]
16;100;165;0.8470861864722379;0.4285274696339495;0.7657385981642352;[0]
17;100;165;2.9539109075442465;0.4285274696339495;0.7657385981642352;[0]
18;100;165;0.0;0.4285274696339495;0.7657385981642352;[0]
19;100;165;0.0;0.4285274696339495;0.7657385981642352;[0]
20;100;165;3.3058483754650254;0.4285274696339495;0.7657385981642352;[0]
21;100;165;0.0;0.4285274696339495;0.7657385981642352;[0]
22;100;165;0.0;0.4285274696339495;0.7657385981642352;[0]
23;100;165;2.7900188659547243;0.4285274696339495;0.7657385981642352;[0]
24;100;165;0.0;0.4285274696339495;0.7657385981642352;[0]
0;100;166;0.0;0.594016950769017;2.794461360404463;[0]
1;100;166;27.395120362595254;0.594016950769017;2.794461360404463;[0]
2;100;166;12.826937940363706;0.594016950769017;2.794461360404463;[0]
3;100;166;9.22578725216409;0.594016950769017;2.794461360404463;[0]
4;100;166;6.723058842345689;0.594016950769017;2.794461360404463;[0]
5;100;166;0.42504016131868727;0.594016950769017;2.794461360404463;[0]
6;100;166;0.4457744581502193;0.594016950769017;2.794461360404463;[0]
7;100;166;2.901914415546232;0.594016950769017;2.794461360404463;[0]
8;100;166;2.04547883557196;0.594016950769017;2.794461360404463;[0]
9;100;166;3.270383490262361;0.594016950769017;2.794461360404463;[0]
10;100;166;4.027301921636515;0.594016950769017;2.794461360404463;[0]
11;100;166;0.4107390492666609;0.594016950769017;2.794461360404463;[0]
12;100;166;1.3368339223588077;0.594016950769017;2.794461360404463;[0]
13;100;166;0.7823161611598617;0.594016950769017;2.794461360404463;[0]
14;100;166;0.040423639812210595;0.594016950769017;2.794461360404463;[0]
15;100;166;0.7802161951533739;0.594016950769017;2.794461360404463;[0]
16;100;166;0.0;0.594016950769017;2.794461360404463;[0]
17;100;166;1.350634405469974;0.594016950769017;2.794461360404463;[0]
18;100;166;0.0;0.594016950769017;2.794461360404463;[0]
19;100;166;0.16658679427074422;0.594016950769017;2.794461360404463;[0]
20;100;166;0.08385650789377348;0.594016950769017;2.794461360404463;[0]
21;100;166;0.0;0.594016950769017;2.794461360404463;[0]
22;100;166;3.288838689956409;0.594016950769017;2.794461360404463;[0]
23;100;166;0.0;0.594016950769017;2.794461360404463;[0]
24;100;166;0.0;0.594016950769017;2.794461360404463;[0]
0;100;167;0.0;0.8471305517141743;1.8778718131353116;[0]
1;100;167;35.93817289693237;0.8471305517141743;1.8778718131353116;[0]
2;100;167;17.360777143968903;0.8471305517141743;1.8778718131353116;[0]
3;100;167;14.772336638434506;0.8471305517141743;1.8778718131353116;[0]
4;100;167;5.994654410699299;0.8471305517141743;1.8778718131353116;[0]
5;100;167;0.0;0.8471305517141743;1.8778718131353116;[0]
6;100;167;0.0;0.8471305517141743;1.8778718131353116;[0]
7;100;167;4.132565067084062;0.8471305517141743;1.8778718131353116;[0]
8;100;167;2.3510425741063194;0.8471305517141743;1.8778718131353116;[0]
9;100;167;3.0680550352025593;0.8471305517141743;1.8778718131353116;[0]
10;100;167;1.512071036685927;0.8471305517141743;1.8778718131353116;[0]
11;100;167;0.0;0.8471305517141743;1.8778718131353116;[0]
12;100;167;9.030011578609663;0.8471305517141743;1.8778718131353116;[0]
13;100;167;0.612436302001209;0.8471305517141743;1.8778718131353116;[0]
14;100;167;2.2017226581143405;0.8471305517141743;1.8778718131353116;[0]
15;100;167;3.5524338292231405;0.8471305517141743;1.8778718131353116;[0]
16;100;167;0.920587048801439;0.8471305517141743;1.8778718131353116;[0]
17;100;167;0.21636468007477344;0.8471305517141743;1.8778718131353116;[0]
18;100;167;6.053102932450796;0.8471305517141743;1.8778718131353116;[0]
19;100;167;5.276257519454825;0.8471305517141743;1.8778718131353116;[0]
20;100;167;0.7941597631109092;0.8471305517141743;1.8778718131353116;[0]
21;100;167;0.10383493546084198;0.8471305517141743;1.8778718131353116;[0]
22;100;167;1.5052593857036087;0.8471305517141743;1.8778718131353116;[0]
23;100;167;1.2233061750423875;0.8471305517141743;1.8778718131353116;[0]
24;100;167;0.0;0.8471305517141743;1.8778718131353116;[0]
0;100;168;6.288854563228046;2.366569348247054;1.1915839418936485;[0]
1;100;168;53.712384280493175;2.366569348247054;1.1915839418936485;[0]
2;100;168;25.56133397814169;2.366569348247054;1.1915839418936485;[0]
3;100;168;15.522048810678498;2.366569348247054;1.1915839418936485;[0]
4;100;168;12.65123501530576;2.366569348247054;1.1915839418936485;[0]
5;100;168;8.758738948704018;2.366569348247054;1.1915839418936485;[0]
6;100;168;8.361307432917455;2.366569348247054;1.1915839418936485;[0]
7;100;168;0.0;2.366569348247054;1.1915839418936485;[0]
8;100;168;3.344345761713064;2.366569348247054;1.1915839418936485;[0]
9;100;168;6.535860594431385;2.366569348247054;1.1915839418936485;[0]
10;100;168;3.9642832107325114;2.366569348247054;1.1915839418936485;[0]
11;100;168;1.1854789736788764;2.366569348247054;1.1915839418936485;[0]
12;100;168;0.0;2.366569348247054;1.1915839418936485;[0]
13;100;168;1.4637933246130133;2.366569348247054;1.1915839418936485;[0]
14;100;168;3.542882517879641;2.366569348247054;1.1915839418936485;[0]
15;100;168;0.987571875709364;2.366569348247054;1.1915839418936485;[0]
16;100;168;0.6199461188633926;2.366569348247054;1.1915839418936485;[0]
17;100;168;0.0;2.366569348247054;1.1915839418936485;[0]
18;100;168;0.0;2.366569348247054;1.1915839418936485;[0]
19;100;168;0.03800150613257705;2.366569348247054;1.1915839418936485;[0]
20;100;168;0.0;2.366569348247054;1.1915839418936485;[0]
21;100;168;0.0;2.366569348247054;1.1915839418936485;[0]
22;100;168;0.0;2.366569348247054;1.1915839418936485;[0]
23;100;168;0.07570379055255964;2.366569348247054;1.1915839418936485;[0]
24;100;168;0.0;2.366569348247054;1.1915839418936485;[0]
0;100;169;4.9377502466732945;0.4379336406886309;2.0183003252600393;[0]
1;100;169;18.89881313404124;0.4379336406886309;2.0183003252600393;[0]
2;100;169;20.597185732366086;0.4379336406886309;2.0183003252600393;[0]
3;100;169;15.827043637210448;0.4379336406886309;2.0183003252600393;[0]
4;100;169;12.234086225565107;0.4379336406886309;2.0183003252600393;[0]
5;100;169;9.306903933925517;0.4379336406886309;2.0183003252600393;[0]
6;100;169;11.340512520314329;0.4379336406886309;2.0183003252600393;[0]
7;100;169;2.148135564795644;0.4379336406886309;2.0183003252600393;[0]
8;100;169;2.964110301336608;0.4379336406886309;2.0183003252600393;[0]
9;100;169;4.6931421705823055;0.4379336406886309;2.0183003252600393;[0]
10;100;169;1.985988605838696;0.4379336406886309;2.0183003252600393;[0]
11;100;169;0.8836431144470663;0.4379336406886309;2.0183003252600393;[0]
12;100;169;0.0;0.4379336406886309;2.0183003252600393;[0]
13;100;169;1.8117236404878747;0.4379336406886309;2.0183003252600393;[0]
14;100;169;0.3071584937145519;0.4379336406886309;2.0183003252600393;[0]
15;100;169;0.0;0.4379336406886309;2.0183003252600393;[0]
16;100;169;0.0;0.4379336406886309;2.0183003252600393;[0]
17;100;169;4.679957170801545;0.4379336406886309;2.0183003252600393;[0]
18;100;169;3.5847984288649655;0.4379336406886309;2.0183003252600393;[0]
19;100;169;0.0;0.4379336406886309;2.0183003252600393;[0]
20;100;169;3.589370146243933;0.4379336406886309;2.0183003252600393;[0]
21;100;169;0.0;0.4379336406886309;2.0183003252600393;[0]
22;100;169;0.2072859868426899;0.4379336406886309;2.0183003252600393;[0]
23;100;169;1.9198578277773253;0.4379336406886309;2.0183003252600393;[0]
24;100;169;0.0;0.4379336406886309;2.0183003252600393;[0]
0;100;170;5.1783513519839985;0.6738273902437935;2.1892054040447007;[0]
1;100;170;21.225821706508363;0.6738273902437935;2.1892054040447007;[0]
2;100;170;17.04016949978015;0.6738273902437935;2.1892054040447007;[0]
3;100;170;12.770687566930143;0.6738273902437935;2.1892054040447007;[0]
4;100;170;12.345308714428972;0.6738273902437935;2.1892054040447007;[0]
5;100;170;5.858843454856482;0.6738273902437935;2.1892054040447007;[0]
6;100;170;1.8344077157824605;0.6738273902437935;2.1892054040447007;[0]
7;100;170;0.0;0.6738273902437935;2.1892054040447007;[0]
8;100;170;3.4766154737045745;0.6738273902437935;2.1892054040447007;[0]
9;100;170;3.6681416623392193;0.6738273902437935;2.1892054040447007;[0]
10;100;170;1.4628049396669485;0.6738273902437935;2.1892054040447007;[0]
11;100;170;0.0;0.6738273902437935;2.1892054040447007;[0]
12;100;170;7.03419712902848;0.6738273902437935;2.1892054040447007;[0]
13;100;170;1.828278444123796;0.6738273902437935;2.1892054040447007;[0]
14;100;170;5.0528564394150575;0.6738273902437935;2.1892054040447007;[0]
15;100;170;0.0;0.6738273902437935;2.1892054040447007;[0]
16;100;170;3.201800352972576;0.6738273902437935;2.1892054040447007;[0]
17;100;170;2.4216921885433416;0.6738273902437935;2.1892054040447007;[0]
18;100;170;0.0;0.6738273902437935;2.1892054040447007;[0]
19;100;170;0.0;0.6738273902437935;2.1892054040447007;[0]
20;100;170;0.0;0.6738273902437935;2.1892054040447007;[0]
21;100;170;1.7278880896686406;0.6738273902437935;2.1892054040447007;[0]
22;100;170;5.9300947747977055;0.6738273902437935;2.1892054040447007;[0]
23;100;170;0.10684921286070968;0.6738273902437935;2.1892054040447007;[0]
24;100;170;0.0;0.6738273902437935;2.1892054040447007;[0]
0;100;171;0.4392422743695949;0.5542186437314849;2.3447290166930825;[0]
1;100;171;20.242019830893984;0.5542186437314849;2.3447290166930825;[0]
2;100;171;16.540865339658836;0.5542186437314849;2.3447290166930825;[0]
3;100;171;10.563528156227989;0.5542186437314849;2.3447290166930825;[0]
4;100;171;1.3719134269813775;0.5542186437314849;2.3447290166930825;[0]
5;100;171;0.0;0.5542186437314849;2.3447290166930825;[0]
6;100;171;0.0;0.5542186437314849;2.3447290166930825;[0]
7;100;171;0.9496528010394982;0.5542186437314849;2.3447290166930825;[0]
8;100;171;0.35482645227798965;0.5542186437314849;2.3447290166930825;[0]
9;100;171;4.1625755012856205;0.5542186437314849;2.3447290166930825;[0]
10;100;171;3.5999817388077955;0.5542186437314849;2.3447290166930825;[0]
11;100;171;0.7601670739434869;0.5542186437314849;2.3447290166930825;[0]
12;100;171;3.7577084219115524;0.5542186437314849;2.3447290166930825;[0]
13;100;171;2.111124472715013;0.5542186437314849;2.3447290166930825;[0]
14;100;171;0.0;0.5542186437314849;2.3447290166930825;[0]
15;100;171;0.0;0.5542186437314849;2.3447290166930825;[0]
16;100;171;0.3962469654171349;0.5542186437314849;2.3447290166930825;[0]
17;100;171;0.54068894186962;0.5542186437314849;2.3447290166930825;[0]
18;100;171;3.473017022797343;0.5542186437314849;2.3447290166930825;[0]
19;100;171;1.9460677551825858;0.5542186437314849;2.3447290166930825;[0]
20;100;171;0.08857257508012553;0.5542186437314849;2.3447290166930825;[0]
21;100;171;0.47347524466548996;0.5542186437314849;2.3447290166930825;[0]
22;100;171;0.19027121416513162;0.5542186437314849;2.3447290166930825;[0]
23;100;171;1.6127022365872856;0.5542186437314849;2.3447290166930825;[0]
24;100;171;0.0;0.5542186437314849;2.3447290166930825;[0]
0;100;172;3.316235545994819;1.1625793465819054;1.6111069499156931;[0]
1;100;172;41.473858229772596;1.1625793465819054;1.6111069499156931;[0]
2;100;172;20.62282003101773;1.1625793465819054;1.6111069499156931;[0]
3;100;172;15.831294924588509;1.1625793465819054;1.6111069499156931;[0]
4;100;172;12.660828010607293;1.1625793465819054;1.6111069499156931;[0]
5;100;172;1.8570296039814107;1.1625793465819054;1.6111069499156931;[0]
6;100;172;0.45933165768116146;1.1625793465819054;1.6111069499156931;[0]
7;100;172;1.0309964600974495;1.1625793465819054;1.6111069499156931;[0]
8;100;172;1.3266570657360286;1.1625793465819054;1.6111069499156931;[0]
9;100;172;0.0;1.1625793465819054;1.6111069499156931;[0]
10;100;172;0.7390297111633516;1.1625793465819054;1.6111069499156931;[0]
11;100;172;1.3744922651877918;1.1625793465819054;1.6111069499156931;[0]
12;100;172;0.0;1.1625793465819054;1.6111069499156931;[0]
13;100;172;0.0;1.1625793465819054;1.6111069499156931;[0]
14;100;172;3.629961109630039;1.1625793465819054;1.6111069499156931;[0]
15;100;172;0.4802535392803102;1.1625793465819054;1.6111069499156931;[0]
16;100;172;0.0;1.1625793465819054;1.6111069499156931;[0]
17;100;172;0.0;1.1625793465819054;1.6111069499156931;[0]
18;100;172;1.5183162503211323;1.1625793465819054;1.6111069499156931;[0]
19;100;172;1.8686605513892394;1.1625793465819054;1.6111069499156931;[0]
20;100;172;0.0027833680229836424;1.1625793465819054;1.6111069499156931;[0]
21;100;172;2.7171445153139944;1.1625793465819054;1.6111069499156931;[0]
22;100;172;0.0;1.1625793465819054;1.6111069499156931;[0]
23;100;172;4.719048514227436;1.1625793465819054;1.6111069499156931;[0]
24;100;172;0.0;1.1625793465819054;1.6111069499156931;[0]
0;100;173;0.0;0.8358528035146335;0.6767503592931995;[0]
1;100;173;46.761882012766904;0.8358528035146335;0.6767503592931995;[0]
2;100;173;52.2786150588531;0.8358528035146335;0.6767503592931995;[0]
3;100;173;43.028118216211;0.8358528035146335;0.6767503592931995;[0]
4;100;173;31.110282693109838;0.8358528035146335;0.6767503592931995;[0]
5;100;173;28.810767312463298;0.8358528035146335;0.6767503592931995;[0]
6;100;173;10.471080216490137;0.8358528035146335;0.6767503592931995;[0]
7;100;173;5.197477623092161;0.8358528035146335;0.6767503592931995;[0]
8;100;173;8.519385023158147;0.8358528035146335;0.6767503592931995;[0]
9;100;173;1.2267485672227647;0.8358528035146335;0.6767503592931995;[0]
10;100;173;0.5142604979426734;0.8358528035146335;0.6767503592931995;[0]
11;100;173;0.6341096086842362;0.8358528035146335;0.6767503592931995;[0]
12;100;173;3.643478226182065;0.8358528035146335;0.6767503592931995;[0]
13;100;173;0.2846243110013195;0.8358528035146335;0.6767503592931995;[0]
14;100;173;1.870684989636372;0.8358528035146335;0.6767503592931995;[0]
15;100;173;1.8745710780901206;0.8358528035146335;0.6767503592931995;[0]
16;100;173;4.061795381271466;0.8358528035146335;0.6767503592931995;[0]
17;100;173;3.1130457798464577;0.8358528035146335;0.6767503592931995;[0]
18;100;173;1.2673377102874033;0.8358528035146335;0.6767503592931995;[0]
19;100;173;0.0;0.8358528035146335;0.6767503592931995;[0]
20;100;173;0.0;0.8358528035146335;0.6767503592931995;[0]
21;100;173;0.0;0.8358528035146335;0.6767503592931995;[0]
22;100;173;4.073956757529496;0.8358528035146335;0.6767503592931995;[0]
23;100;173;4.463794034345422;0.8358528035146335;0.6767503592931995;[0]
24;100;173;0.0;0.8358528035146335;0.6767503592931995;[0]
0;100;174;3.8705532994980953;0.6297565561863709;0.5795254134514635;[0]
1;100;174;42.82864281057928;0.6297565561863709;0.5795254134514635;[0]
2;100;174;44.19216471454724;0.6297565561863709;0.5795254134514635;[0]
3;100;174;38.33491441504139;0.6297565561863709;0.5795254134514635;[0]
4;100;174;36.53872169783651;0.6297565561863709;0.5795254134514635;[0]
5;100;174;29.045514202869676;0.6297565561863709;0.5795254134514635;[0]
6;100;174;22.384753526651046;0.6297565561863709;0.5795254134514635;[0]
7;100;174;13.878164844696748;0.6297565561863709;0.5795254134514635;[0]
8;100;174;11.646859697209422;0.6297565561863709;0.5795254134514635;[0]
9;100;174;8.865539192210385;0.6297565561863709;0.5795254134514635;[0]
10;100;174;3.742161909401614;0.6297565561863709;0.5795254134514635;[0]
11;100;174;4.227326417911557;0.6297565561863709;0.5795254134514635;[0]
12;100;174;3.025411592790417;0.6297565561863709;0.5795254134514635;[0]
13;100;174;2.909741022191094;0.6297565561863709;0.5795254134514635;[0]
14;100;174;3.8802873250436343;0.6297565561863709;0.5795254134514635;[0]
15;100;174;6.98260342314763;0.6297565561863709;0.5795254134514635;[0]
16;100;174;2.3571375061039213;0.6297565561863709;0.5795254134514635;[0]
17;100;174;0.6364618177215637;0.6297565561863709;0.5795254134514635;[0]
18;100;174;7.640542377329153;0.6297565561863709;0.5795254134514635;[0]
19;100;174;0.3913583561381195;0.6297565561863709;0.5795254134514635;[0]
20;100;174;0.4027059903673207;0.6297565561863709;0.5795254134514635;[0]
21;100;174;0.0;0.6297565561863709;0.5795254134514635;[0]
22;100;174;0.9433082176125932;0.6297565561863709;0.5795254134514635;[0]
23;100;174;0.08869332149248188;0.6297565561863709;0.5795254134514635;[0]
24;100;174;7.485251302148187;0.6297565561863709;0.5795254134514635;[0]
0;100;175;0.0;0.2674824357011094;1.5401748029521802;[0]
1;100;175;27.497461962022754;0.2674824357011094;1.5401748029521802;[0]
2;100;175;18.089191094878796;0.2674824357011094;1.5401748029521802;[0]
3;100;175;18.850160162356207;0.2674824357011094;1.5401748029521802;[0]
4;100;175;14.233576772044849;0.2674824357011094;1.5401748029521802;[0]
5;100;175;8.633700182700432;0.2674824357011094;1.5401748029521802;[0]
6;100;175;3.9083336168905696;0.2674824357011094;1.5401748029521802;[0]
7;100;175;4.870386899513589;0.2674824357011094;1.5401748029521802;[0]
8;100;175;1.3411206429614007;0.2674824357011094;1.5401748029521802;[0]
9;100;175;4.835914878197319;0.2674824357011094;1.5401748029521802;[0]
10;100;175;4.294809919677608;0.2674824357011094;1.5401748029521802;[0]
11;100;175;2.516155433465362;0.2674824357011094;1.5401748029521802;[0]
12;100;175;0.0;0.2674824357011094;1.5401748029521802;[0]
13;100;175;1.2491023385515292;0.2674824357011094;1.5401748029521802;[0]
14;100;175;4.906529215288929;0.2674824357011094;1.5401748029521802;[0]
15;100;175;1.6829977944686663;0.2674824357011094;1.5401748029521802;[0]
16;100;175;2.372246451024833;0.2674824357011094;1.5401748029521802;[0]
17;100;175;4.510875889812856;0.2674824357011094;1.5401748029521802;[0]
18;100;175;0.0;0.2674824357011094;1.5401748029521802;[0]
19;100;175;3.312659687883403;0.2674824357011094;1.5401748029521802;[0]
20;100;175;0.0;0.2674824357011094;1.5401748029521802;[0]
21;100;175;1.6180821086266175;0.2674824357011094;1.5401748029521802;[0]
22;100;175;1.351004447196777;0.2674824357011094;1.5401748029521802;[0]
23;100;175;3.5908606782457957;0.2674824357011094;1.5401748029521802;[0]
24;100;175;0.0;0.2674824357011094;1.5401748029521802;[0]
0;100;176;0.0;0.8451007327313871;2.4972986024121373;[0]
1;100;176;29.98232323724614;0.8451007327313871;2.4972986024121373;[0]
2;100;176;19.704857733177437;0.8451007327313871;2.4972986024121373;[0]
3;100;176;11.444879377967325;0.8451007327313871;2.4972986024121373;[0]
4;100;176;4.777549261870401;0.8451007327313871;2.4972986024121373;[0]
5;100;176;1.0096651287805136;0.8451007327313871;2.4972986024121373;[0]
6;100;176;1.8152616032877034;0.8451007327313871;2.4972986024121373;[0]
7;100;176;1.0480388808046728;0.8451007327313871;2.4972986024121373;[0]
8;100;176;3.7340429184199326;0.8451007327313871;2.4972986024121373;[0]
9;100;176;2.657786247405815;0.8451007327313871;2.4972986024121373;[0]
10;100;176;0.0;0.8451007327313871;2.4972986024121373;[0]
11;100;176;3.0226683298513133;0.8451007327313871;2.4972986024121373;[0]
12;100;176;1.0552853193353828;0.8451007327313871;2.4972986024121373;[0]
13;100;176;3.747774411116062;0.8451007327313871;2.4972986024121373;[0]
14;100;176;0.0;0.8451007327313871;2.4972986024121373;[0]
15;100;176;6.985052163822446;0.8451007327313871;2.4972986024121373;[0]
16;100;176;0.0;0.8451007327313871;2.4972986024121373;[0]
17;100;176;7.896252178145725;0.8451007327313871;2.4972986024121373;[0]
18;100;176;0.0;0.8451007327313871;2.4972986024121373;[0]
19;100;176;0.3737045919871115;0.8451007327313871;2.4972986024121373;[0]
20;100;176;0.0;0.8451007327313871;2.4972986024121373;[0]
21;100;176;0.24129208732896618;0.8451007327313871;2.4972986024121373;[0]
22;100;176;0.0;0.8451007327313871;2.4972986024121373;[0]
23;100;176;0.0;0.8451007327313871;2.4972986024121373;[0]
24;100;176;0.0;0.8451007327313871;2.4972986024121373;[0]
0;100;177;0.0;0.3947420169531879;0.6801799150480234;[0]
1;100;177;23.14104865240803;0.3947420169531879;0.6801799150480234;[0]
2;100;177;44.74177512918482;0.3947420169531879;0.6801799150480234;[0]
3;100;177;36.78910527159889;0.3947420169531879;0.6801799150480234;[0]
4;100;177;31.305057368648825;0.3947420169531879;0.6801799150480234;[0]
5;100;177;23.15081548891741;0.3947420169531879;0.6801799150480234;[0]
6;100;177;15.931487435446016;0.3947420169531879;0.6801799150480234;[0]
7;100;177;17.78596494847;0.3947420169531879;0.6801799150480234;[0]
8;100;177;10.76357084480058;0.3947420169531879;0.6801799150480234;[0]
9;100;177;6.766983151002734;0.3947420169531879;0.6801799150480234;[0]
10;100;177;4.672078452822051;0.3947420169531879;0.6801799150480234;[0]
11;100;177;5.070561333382957;0.3947420169531879;0.6801799150480234;[0]
12;100;177;2.154069073135563;0.3947420169531879;0.6801799150480234;[0]
13;100;177;0.06298225191488445;0.3947420169531879;0.6801799150480234;[0]
14;100;177;3.882826660920137;0.3947420169531879;0.6801799150480234;[0]
15;100;177;4.661094251918327;0.3947420169531879;0.6801799150480234;[0]
16;100;177;3.3555351025086884;0.3947420169531879;0.6801799150480234;[0]
17;100;177;1.7211071795448443;0.3947420169531879;0.6801799150480234;[0]
18;100;177;0.0;0.3947420169531879;0.6801799150480234;[0]
19;100;177;0.8523869963419451;0.3947420169531879;0.6801799150480234;[0]
20;100;177;1.2828212511945967;0.3947420169531879;0.6801799150480234;[0]
21;100;177;5.130053970398128;0.3947420169531879;0.6801799150480234;[0]
22;100;177;0.09017472942884053;0.3947420169531879;0.6801799150480234;[0]
23;100;177;0.0;0.3947420169531879;0.6801799150480234;[0]
24;100;177;0.0;0.3947420169531879;0.6801799150480234;[0]
0;100;178;2.346352001325626;0.7443569734686004;1.2458181012575569;[0]
1;100;178;42.38162325710958;0.7443569734686004;1.2458181012575569;[0]
2;100;178;35.732512915760594;0.7443569734686004;1.2458181012575569;[0]
3;100;178;23.680913965735716;0.7443569734686004;1.2458181012575569;[0]
4;100;178;7.592737489306145;0.7443569734686004;1.2458181012575569;[0]
5;100;178;8.901844716570396;0.7443569734686004;1.2458181012575569;[0]
6;100;178;1.3071461125443014;0.7443569734686004;1.2458181012575569;[0]
7;100;178;0.43544232616905454;0.7443569734686004;1.2458181012575569;[0]
8;100;178;0.145578764866915;0.7443569734686004;1.2458181012575569;[0]
9;100;178;1.833833546300307;0.7443569734686004;1.2458181012575569;[0]
10;100;178;2.1508128387227674;0.7443569734686004;1.2458181012575569;[0]
11;100;178;0.008927408818206008;0.7443569734686004;1.2458181012575569;[0]
12;100;178;3.869006020033839;0.7443569734686004;1.2458181012575569;[0]
13;100;178;0.0;0.7443569734686004;1.2458181012575569;[0]
14;100;178;1.4504388568777362;0.7443569734686004;1.2458181012575569;[0]
15;100;178;1.1177767040139515;0.7443569734686004;1.2458181012575569;[0]
16;100;178;0.5650735598621447;0.7443569734686004;1.2458181012575569;[0]
17;100;178;2.5016736849305676;0.7443569734686004;1.2458181012575569;[0]
18;100;178;1.575560427357576;0.7443569734686004;1.2458181012575569;[0]
19;100;178;3.11953536714562;0.7443569734686004;1.2458181012575569;[0]
20;100;178;5.485084839154677;0.7443569734686004;1.2458181012575569;[0]
21;100;178;1.5329401307863073;0.7443569734686004;1.2458181012575569;[0]
22;100;178;0.7884606727522622;0.7443569734686004;1.2458181012575569;[0]
23;100;178;2.722663563360537;0.7443569734686004;1.2458181012575569;[0]
24;100;178;0.0;0.7443569734686004;1.2458181012575569;[0]
0;100;179;0.0;0.7130785442288338;0.7792199584741621;[0]
1;100;179;38.52059689187116;0.7130785442288338;0.7792199584741621;[0]
2;100;179;45.483393460777094;0.7130785442288338;0.7792199584741621;[0]
3;100;179;36.006486283166325;0.7130785442288338;0.7792199584741621;[0]
4;100;179;23.15525140385429;0.7130785442288338;0.7792199584741621;[0]
5;100;179;20.927547959038616;0.7130785442288338;0.7792199584741621;[0]
6;100;179;8.349306607539223;0.7130785442288338;0.7792199584741621;[0]
7;100;179;5.929319547046483;0.7130785442288338;0.7792199584741621;[0]
8;100;179;8.411875162172723;0.7130785442288338;0.7792199584741621;[0]
9;100;179;0.5873410662894644;0.7130785442288338;0.7792199584741621;[0]
10;100;179;3.8080036845364664;0.7130785442288338;0.7792199584741621;[0]
11;100;179;4.670676798247009;0.7130785442288338;0.7792199584741621;[0]
12;100;179;2.8210378401018943;0.7130785442288338;0.7792199584741621;[0]
13;100;179;0.9871666935691199;0.7130785442288338;0.7792199584741621;[0]
14;100;179;6.827826845537684;0.7130785442288338;0.7792199584741621;[0]
15;100;179;1.6456375956906553;0.7130785442288338;0.7792199584741621;[0]
16;100;179;0.16496888630539788;0.7130785442288338;0.7792199584741621;[0]
17;100;179;2.704364324634426;0.7130785442288338;0.7792199584741621;[0]
18;100;179;6.895557695761552;0.7130785442288338;0.7792199584741621;[0]
19;100;179;0.1848894645764256;0.7130785442288338;0.7792199584741621;[0]
20;100;179;0.19535134910504656;0.7130785442288338;0.7792199584741621;[0]
21;100;179;0.10046723224269731;0.7130785442288338;0.7792199584741621;[0]
22;100;179;0.22075100492070218;0.7130785442288338;0.7792199584741621;[0]
23;100;179;4.987631707577986;0.7130785442288338;0.7792199584741621;[0]
24;100;179;4.649309609310015;0.7130785442288338;0.7792199584741621;[0]
0;100;180;2.8315966685275202;0.71778505214477;1.0483040039859304;[0]
1;100;180;42.25880518118211;0.71778505214477;1.0483040039859304;[0]
2;100;180;38.28756704260428;0.71778505214477;1.0483040039859304;[0]
3;100;180;29.040788422165434;0.71778505214477;1.0483040039859304;[0]
4;100;180;21.464514732176898;0.71778505214477;1.0483040039859304;[0]
5;100;180;8.63680161629833;0.71778505214477;1.0483040039859304;[0]
6;100;180;5.016115460385786;0.71778505214477;1.0483040039859304;[0]
7;100;180;3.392575435516253;0.71778505214477;1.0483040039859304;[0]
8;100;180;1.5707170432122526;0.71778505214477;1.0483040039859304;[0]
9;100;180;3.1376884866362795;0.71778505214477;1.0483040039859304;[0]
10;100;180;3.722566233009284;0.71778505214477;1.0483040039859304;[0]
11;100;180;0.519620052530144;0.71778505214477;1.0483040039859304;[0]
12;100;180;0.0;0.71778505214477;1.0483040039859304;[0]
13;100;180;0.0;0.71778505214477;1.0483040039859304;[0]
14;100;180;0.0;0.71778505214477;1.0483040039859304;[0]
15;100;180;0.0;0.71778505214477;1.0483040039859304;[0]
16;100;180;1.1538318579919242;0.71778505214477;1.0483040039859304;[0]
17;100;180;5.702080098212567;0.71778505214477;1.0483040039859304;[0]
18;100;180;2.0766591126719582;0.71778505214477;1.0483040039859304;[0]
19;100;180;2.7122357950029805;0.71778505214477;1.0483040039859304;[0]
20;100;180;0.0;0.71778505214477;1.0483040039859304;[0]
21;100;180;0.2351322712583842;0.71778505214477;1.0483040039859304;[0]
22;100;180;3.110249462391682;0.71778505214477;1.0483040039859304;[0]
23;100;180;0.09288279228004105;0.71778505214477;1.0483040039859304;[0]
24;100;180;0.0;0.71778505214477;1.0483040039859304;[0]
0;100;181;5.05271611124754;2.0286285539170406;1.0746107137825056;[0]
1;100;181;62.078670846525156;2.0286285539170406;1.0746107137825056;[0]
2;100;181;28.785133420422493;2.0286285539170406;1.0746107137825056;[0]
3;100;181;20.721594700052464;2.0286285539170406;1.0746107137825056;[0]
4;100;181;15.463273551549735;2.0286285539170406;1.0746107137825056;[0]
5;100;181;1.5849554547630502;2.0286285539170406;1.0746107137825056;[0]
6;100;181;0.21976514059587043;2.0286285539170406;1.0746107137825056;[0]
7;100;181;4.035362290315654;2.0286285539170406;1.0746107137825056;[0]
8;100;181;1.5678669538516488;2.0286285539170406;1.0746107137825056;[0]
9;100;181;1.2620628854622855;2.0286285539170406;1.0746107137825056;[0]
10;100;181;2.63723842623429;2.0286285539170406;1.0746107137825056;[0]
11;100;181;2.2553679568361056;2.0286285539170406;1.0746107137825056;[0]
12;100;181;0.9950640536428018;2.0286285539170406;1.0746107137825056;[0]
13;100;181;1.9692100688114205;2.0286285539170406;1.0746107137825056;[0]
14;100;181;4.865483281156424;2.0286285539170406;1.0746107137825056;[0]
15;100;181;0.0;2.0286285539170406;1.0746107137825056;[0]
16;100;181;1.3556374085611744;2.0286285539170406;1.0746107137825056;[0]
17;100;181;5.249004471361122;2.0286285539170406;1.0746107137825056;[0]
18;100;181;0.0;2.0286285539170406;1.0746107137825056;[0]
19;100;181;2.0170585194533026;2.0286285539170406;1.0746107137825056;[0]
20;100;181;1.8143384417584667;2.0286285539170406;1.0746107137825056;[0]
21;100;181;0.3995578642864211;2.0286285539170406;1.0746107137825056;[0]
22;100;181;0.12833157681239918;2.0286285539170406;1.0746107137825056;[0]
23;100;181;0.0;2.0286285539170406;1.0746107137825056;[0]
24;100;181;0.052495643808815246;2.0286285539170406;1.0746107137825056;[0]
0;100;182;0.0;0.3307636058115075;1.250678449710548;[0]
1;100;182;15.156850335118776;0.3307636058115075;1.250678449710548;[0]
2;100;182;17.881200517039268;0.3307636058115075;1.250678449710548;[0]
3;100;182;18.0450384546643;0.3307636058115075;1.250678449710548;[0]
4;100;182;10.103257421387669;0.3307636058115075;1.250678449710548;[0]
5;100;182;15.69405505125837;0.3307636058115075;1.250678449710548;[0]
6;100;182;14.555812833170247;0.3307636058115075;1.250678449710548;[0]
7;100;182;5.450162169322649;0.3307636058115075;1.250678449710548;[0]
8;100;182;7.732687975332108;0.3307636058115075;1.250678449710548;[0]
9;100;182;7.9359529797348465;0.3307636058115075;1.250678449710548;[0]
10;100;182;0.0;0.3307636058115075;1.250678449710548;[0]
11;100;182;7.854481468587419;0.3307636058115075;1.250678449710548;[0]
12;100;182;6.729503550400951;0.3307636058115075;1.250678449710548;[0]
13;100;182;5.499971567794538;0.3307636058115075;1.250678449710548;[0]
14;100;182;3.687051531993564;0.3307636058115075;1.250678449710548;[0]
15;100;182;4.902216477784286;0.3307636058115075;1.250678449710548;[0]
16;100;182;0.49552703746505533;0.3307636058115075;1.250678449710548;[0]
17;100;182;2.0607408615997036;0.3307636058115075;1.250678449710548;[0]
18;100;182;0.0;0.3307636058115075;1.250678449710548;[0]
19;100;182;2.0164640308806128;0.3307636058115075;1.250678449710548;[0]
20;100;182;0.0;0.3307636058115075;1.250678449710548;[0]
21;100;182;0.4841397401932146;0.3307636058115075;1.250678449710548;[0]
22;100;182;0.29350286291931105;0.3307636058115075;1.250678449710548;[0]
23;100;182;1.2644424361166833;0.3307636058115075;1.250678449710548;[0]
24;100;182;1.7245074022576588;0.3307636058115075;1.250678449710548;[0]
0;100;183;0.0;0.7832586892065875;3.1199598185103317;[0]
1;100;183;23.88485214711433;0.7832586892065875;3.1199598185103317;[0]
2;100;183;9.496531508361134;0.7832586892065875;3.1199598185103317;[0]
3;100;183;3.4249963065553093;0.7832586892065875;3.1199598185103317;[0]
4;100;183;0.3668386392044982;0.7832586892065875;3.1199598185103317;[0]
5;100;183;2.1644122080577617;0.7832586892065875;3.1199598185103317;[0]
6;100;183;0.0;0.7832586892065875;3.1199598185103317;[0]
7;100;183;1.3669890566421443;0.7832586892065875;3.1199598185103317;[0]
8;100;183;3.0068205593333976;0.7832586892065875;3.1199598185103317;[0]
9;100;183;0.7092873347070632;0.7832586892065875;3.1199598185103317;[0]
10;100;183;2.8401971954409384;0.7832586892065875;3.1199598185103317;[0]
11;100;183;0.6793514713933057;0.7832586892065875;3.1199598185103317;[0]
12;100;183;0.8497769083212354;0.7832586892065875;3.1199598185103317;[0]
13;100;183;0.0;0.7832586892065875;3.1199598185103317;[0]
14;100;183;0.6110165102038664;0.7832586892065875;3.1199598185103317;[0]
15;100;183;0.8244864773399414;0.7832586892065875;3.1199598185103317;[0]
16;100;183;0.0;0.7832586892065875;3.1199598185103317;[0]
17;100;183;0.03331385128620322;0.7832586892065875;3.1199598185103317;[0]
18;100;183;6.463714461763349;0.7832586892065875;3.1199598185103317;[0]
19;100;183;2.908388913377848;0.7832586892065875;3.1199598185103317;[0]
20;100;183;0.0;0.7832586892065875;3.1199598185103317;[0]
21;100;183;1.4561984321478834;0.7832586892065875;3.1199598185103317;[0]
22;100;183;0.25653391817250504;0.7832586892065875;3.1199598185103317;[0]
23;100;183;1.9527823605145913;0.7832586892065875;3.1199598185103317;[0]
24;100;183;0.0;0.7832586892065875;3.1199598185103317;[0]
0;100;184;7.029799998055703;0.8161776007920953;2.342113503668538;[0]
1;100;184;33.51807817487331;0.8161776007920953;2.342113503668538;[0]
2;100;184;24.677058807120844;0.8161776007920953;2.342113503668538;[0]
3;100;184;6.73694064871087;0.8161776007920953;2.342113503668538;[0]
4;100;184;5.457616750887582;0.8161776007920953;2.342113503668538;[0]
5;100;184;3.793118476605918;0.8161776007920953;2.342113503668538;[0]
6;100;184;0.7303697933570508;0.8161776007920953;2.342113503668538;[0]
7;100;184;0.6512127280778272;0.8161776007920953;2.342113503668538;[0]
8;100;184;0.8284255625572593;0.8161776007920953;2.342113503668538;[0]
9;100;184;2.5431812864739505;0.8161776007920953;2.342113503668538;[0]
10;100;184;0.0;0.8161776007920953;2.342113503668538;[0]
11;100;184;0.0;0.8161776007920953;2.342113503668538;[0]
12;100;184;0.0;0.8161776007920953;2.342113503668538;[0]
13;100;184;1.342096644640373;0.8161776007920953;2.342113503668538;[0]
14;100;184;0.0;0.8161776007920953;2.342113503668538;[0]
15;100;184;0.8964472145224094;0.8161776007920953;2.342113503668538;[0]
16;100;184;2.824734180864271;0.8161776007920953;2.342113503668538;[0]
17;100;184;6.101763578119854;0.8161776007920953;2.342113503668538;[0]
18;100;184;5.6821888608940085;0.8161776007920953;2.342113503668538;[0]
19;100;184;0.26804881694510946;0.8161776007920953;2.342113503668538;[0]
20;100;184;0.0;0.8161776007920953;2.342113503668538;[0]
21;100;184;2.86816829258356;0.8161776007920953;2.342113503668538;[0]
22;100;184;0.03470839581106194;0.8161776007920953;2.342113503668538;[0]
23;100;184;0.1301143701221853;0.8161776007920953;2.342113503668538;[0]
24;100;184;0.0;0.8161776007920953;2.342113503668538;[0]
0;100;185;1.2241859690044223;0.758344684753297;1.5726382763327518;[0]
1;100;185;32.801390694671156;0.758344684753297;1.5726382763327518;[0]
2;100;185;32.75061998918276;0.758344684753297;1.5726382763327518;[0]
3;100;185;16.97040493947985;0.758344684753297;1.5726382763327518;[0]
4;100;185;11.208328094299162;0.758344684753297;1.5726382763327518;[0]
5;100;185;0.7801586065707689;0.758344684753297;1.5726382763327518;[0]
6;100;185;2.1066338514867278;0.758344684753297;1.5726382763327518;[0]
7;100;185;1.4802163146592482;0.758344684753297;1.5726382763327518;[0]
8;100;185;0.02178727473828527;0.758344684753297;1.5726382763327518;[0]
9;100;185;0.8389276714107875;0.758344684753297;1.5726382763327518;[0]
10;100;185;1.952747953975292;0.758344684753297;1.5726382763327518;[0]
11;100;185;0.532455100639215;0.758344684753297;1.5726382763327518;[0]
12;100;185;2.422674463263123;0.758344684753297;1.5726382763327518;[0]
13;100;185;2.587428595494554;0.758344684753297;1.5726382763327518;[0]
14;100;185;1.0159736986499484;0.758344684753297;1.5726382763327518;[0]
15;100;185;4.2526164355537945;0.758344684753297;1.5726382763327518;[0]
16;100;185;0.0;0.758344684753297;1.5726382763327518;[0]
17;100;185;0.24833062880619827;0.758344684753297;1.5726382763327518;[0]
18;100;185;0.0;0.758344684753297;1.5726382763327518;[0]
19;100;185;0.0;0.758344684753297;1.5726382763327518;[0]
20;100;185;0.0;0.758344684753297;1.5726382763327518;[0]
21;100;185;0.0;0.758344684753297;1.5726382763327518;[0]
22;100;185;0.0;0.758344684753297;1.5726382763327518;[0]
23;100;185;0.0;0.758344684753297;1.5726382763327518;[0]
24;100;185;4.644729763186509;0.758344684753297;1.5726382763327518;[0]
0;100;186;7.20569115106246;0.43165464404706266;1.3261940213946461;[0]
1;100;186;22.223001417813585;0.43165464404706266;1.3261940213946461;[0]
2;100;186;27.20217183886117;0.43165464404706266;1.3261940213946461;[0]
3;100;186;16.315268574710103;0.43165464404706266;1.3261940213946461;[0]
4;100;186;10.265074018262997;0.43165464404706266;1.3261940213946461;[0]
5;100;186;9.17866750449779;0.43165464404706266;1.3261940213946461;[0]
6;100;186;5.082684509741908;0.43165464404706266;1.3261940213946461;[0]
7;100;186;0.5185466522474194;0.43165464404706266;1.3261940213946461;[0]
8;100;186;1.2171719379259376;0.43165464404706266;1.3261940213946461;[0]
9;100;186;5.4812578754739025;0.43165464404706266;1.3261940213946461;[0]
10;100;186;3.1909139786776253;0.43165464404706266;1.3261940213946461;[0]
11;100;186;0.4971514816865946;0.43165464404706266;1.3261940213946461;[0]
12;100;186;3.6962837548305867;0.43165464404706266;1.3261940213946461;[0]
13;100;186;3.4091386347073187;0.43165464404706266;1.3261940213946461;[0]
14;100;186;3.7701092831433485;0.43165464404706266;1.3261940213946461;[0]
15;100;186;0.6694263371019824;0.43165464404706266;1.3261940213946461;[0]
16;100;186;0.3868069783474717;0.43165464404706266;1.3261940213946461;[0]
17;100;186;8.911705419474204;0.43165464404706266;1.3261940213946461;[0]
18;100;186;1.8518972522202697;0.43165464404706266;1.3261940213946461;[0]
19;100;186;8.211400242891779;0.43165464404706266;1.3261940213946461;[0]
20;100;186;1.824632943676471;0.43165464404706266;1.3261940213946461;[0]
21;100;186;4.154141166329327;0.43165464404706266;1.3261940213946461;[0]
22;100;186;2.1256353572325497;0.43165464404706266;1.3261940213946461;[0]
23;100;186;0.7224163430242341;0.43165464404706266;1.3261940213946461;[0]
24;100;186;0.0;0.43165464404706266;1.3261940213946461;[0]
0;100;187;1.3949972637510346;0.498362150639491;1.505013148791831;[0]
1;100;187;30.22096786931868;0.498362150639491;1.505013148791831;[0]
2;100;187;25.30777714390172;0.498362150639491;1.505013148791831;[0]
3;100;187;26.91511921132131;0.498362150639491;1.505013148791831;[0]
4;100;187;12.57035319186237;0.498362150639491;1.505013148791831;[0]
5;100;187;4.89071587961144;0.498362150639491;1.505013148791831;[0]
6;100;187;2.1001345092329853;0.498362150639491;1.505013148791831;[0]
7;100;187;3.074014446158767;0.498362150639491;1.505013148791831;[0]
8;100;187;5.075959968122989;0.498362150639491;1.505013148791831;[0]
9;100;187;0.06568562078106475;0.498362150639491;1.505013148791831;[0]
10;100;187;2.8712821720522577;0.498362150639491;1.505013148791831;[0]
11;100;187;2.1762861081500966;0.498362150639491;1.505013148791831;[0]
12;100;187;5.845012983539457;0.498362150639491;1.505013148791831;[0]
13;100;187;0.6273561979325173;0.498362150639491;1.505013148791831;[0]
14;100;187;0.0;0.498362150639491;1.505013148791831;[0]
15;100;187;0.0;0.498362150639491;1.505013148791831;[0]
16;100;187;0.0;0.498362150639491;1.505013148791831;[0]
17;100;187;1.413504071123274;0.498362150639491;1.505013148791831;[0]
18;100;187;3.6561375438655004;0.498362150639491;1.505013148791831;[0]
19;100;187;2.8229540459257425;0.498362150639491;1.505013148791831;[0]
20;100;187;0.6465498148435709;0.498362150639491;1.505013148791831;[0]
21;100;187;0.0;0.498362150639491;1.505013148791831;[0]
22;100;187;0.2805172527629098;0.498362150639491;1.505013148791831;[0]
23;100;187;1.2406081549124035;0.498362150639491;1.505013148791831;[0]
24;100;187;0.0;0.498362150639491;1.505013148791831;[0]
0;100;188;0.0;0.5558210649042532;2.839659879279041;[0]
1;100;188;15.65050342560745;0.5558210649042532;2.839659879279041;[0]
2;100;188;12.342621215527855;0.5558210649042532;2.839659879279041;[0]
3;100;188;10.983700552678147;0.5558210649042532;2.839659879279041;[0]
4;100;188;6.914916395293938;0.5558210649042532;2.839659879279041;[0]
5;100;188;1.1473830770271825;0.5558210649042532;2.839659879279041;[0]
6;100;188;0.0;0.5558210649042532;2.839659879279041;[0]
7;100;188;0.6441572575100198;0.5558210649042532;2.839659879279041;[0]
8;100;188;1.7951557361696926;0.5558210649042532;2.839659879279041;[0]
9;100;188;2.4430077886034463;0.5558210649042532;2.839659879279041;[0]
10;100;188;1.2532836041804412;0.5558210649042532;2.839659879279041;[0]
11;100;188;0.0;0.5558210649042532;2.839659879279041;[0]
12;100;188;0.7928215385266465;0.5558210649042532;2.839659879279041;[0]
13;100;188;2.528599948968453;0.5558210649042532;2.839659879279041;[0]
14;100;188;0.5286630247061617;0.5558210649042532;2.839659879279041;[0]
15;100;188;1.092285037936958;0.5558210649042532;2.839659879279041;[0]
16;100;188;0.0;0.5558210649042532;2.839659879279041;[0]
17;100;188;4.230638952539059;0.5558210649042532;2.839659879279041;[0]
18;100;188;6.6240001319951585;0.5558210649042532;2.839659879279041;[0]
19;100;188;0.6094714105129949;0.5558210649042532;2.839659879279041;[0]
20;100;188;0.00561067418670318;0.5558210649042532;2.839659879279041;[0]
21;100;188;0.0;0.5558210649042532;2.839659879279041;[0]
22;100;188;2.2539151468101353;0.5558210649042532;2.839659879279041;[0]
23;100;188;3.5293865465938694;0.5558210649042532;2.839659879279041;[0]
24;100;188;3.0359206049433425;0.5558210649042532;2.839659879279041;[0]
0;100;189;5.187471146376079;0.38280288142992436;3.8560057685515763;[0]
1;100;189;2.9843382907040104;0.38280288142992436;3.8560057685515763;[0]
2;100;189;14.111616728982998;0.38280288142992436;3.8560057685515763;[0]
3;100;189;5.015905156701531;0.38280288142992436;3.8560057685515763;[0]
4;100;189;2.9917916692842685;0.38280288142992436;3.8560057685515763;[0]
5;100;189;2.443036635648177;0.38280288142992436;3.8560057685515763;[0]
6;100;189;0.3804204521539041;0.38280288142992436;3.8560057685515763;[0]
7;100;189;1.088096952352776;0.38280288142992436;3.8560057685515763;[0]
8;100;189;2.1278689128894044;0.38280288142992436;3.8560057685515763;[0]
9;100;189;2.3887908822918407;0.38280288142992436;3.8560057685515763;[0]
10;100;189;1.6817589974828764;0.38280288142992436;3.8560057685515763;[0]
11;100;189;0.0;0.38280288142992436;3.8560057685515763;[0]
12;100;189;0.0;0.38280288142992436;3.8560057685515763;[0]
13;100;189;0.0;0.38280288142992436;3.8560057685515763;[0]
14;100;189;1.0222445006822625;0.38280288142992436;3.8560057685515763;[0]
15;100;189;0.3670862350901708;0.38280288142992436;3.8560057685515763;[0]
16;100;189;2.5938681746306784;0.38280288142992436;3.8560057685515763;[0]
17;100;189;5.609321553190673;0.38280288142992436;3.8560057685515763;[0]
18;100;189;0.6758390023394794;0.38280288142992436;3.8560057685515763;[0]
19;100;189;0.4265357508320623;0.38280288142992436;3.8560057685515763;[0]
20;100;189;5.862371283968378;0.38280288142992436;3.8560057685515763;[0]
21;100;189;5.531984883971166;0.38280288142992436;3.8560057685515763;[0]
22;100;189;6.57533011239083;0.38280288142992436;3.8560057685515763;[0]
23;100;189;0.0;0.38280288142992436;3.8560057685515763;[0]
24;100;189;2.841437917370575;0.38280288142992436;3.8560057685515763;[0]
0;100;190;0.0;0.6765682316469066;1.472886744226202;[0]
1;100;190;26.865304111166093;0.6765682316469066;1.472886744226202;[0]
2;100;190;24.006281327412694;0.6765682316469066;1.472886744226202;[0]
3;100;190;24.650449117332013;0.6765682316469066;1.472886744226202;[0]
4;100;190;11.724279584913308;0.6765682316469066;1.472886744226202;[0]
5;100;190;4.465147078103214;0.6765682316469066;1.472886744226202;[0]
6;100;190;1.6676290782841399;0.6765682316469066;1.472886744226202;[0]
7;100;190;3.0323641980783362;0.6765682316469066;1.472886744226202;[0]
8;100;190;1.3864393892575775;0.6765682316469066;1.472886744226202;[0]
9;100;190;3.333104361472954;0.6765682316469066;1.472886744226202;[0]
10;100;190;1.8903750106481498;0.6765682316469066;1.472886744226202;[0]
11;100;190;5.715847583307715;0.6765682316469066;1.472886744226202;[0]
12;100;190;4.2053811975612145;0.6765682316469066;1.472886744226202;[0]
13;100;190;2.2444499943114935;0.6765682316469066;1.472886744226202;[0]
14;100;190;0.0;0.6765682316469066;1.472886744226202;[0]
15;100;190;0.0;0.6765682316469066;1.472886744226202;[0]
16;100;190;3.743553312099908;0.6765682316469066;1.472886744226202;[0]
17;100;190;0.4080405744538523;0.6765682316469066;1.472886744226202;[0]
18;100;190;0.0;0.6765682316469066;1.472886744226202;[0]
19;100;190;3.9795315519644423;0.6765682316469066;1.472886744226202;[0]
20;100;190;0.0;0.6765682316469066;1.472886744226202;[0]
21;100;190;0.9644978695298256;0.6765682316469066;1.472886744226202;[0]
22;100;190;0.0;0.6765682316469066;1.472886744226202;[0]
23;100;190;2.6573996880578687;0.6765682316469066;1.472886744226202;[0]
24;100;190;0.0;0.6765682316469066;1.472886744226202;[0]
0;100;191;3.2740398320621575;1.021526964985616;0.8960953391068314;[0]
1;100;191;60.57578774785064;1.021526964985616;0.8960953391068314;[0]
2;100;191;45.052550322521974;1.021526964985616;0.8960953391068314;[0]
3;100;191;25.849457413415607;1.021526964985616;0.8960953391068314;[0]
4;100;191;19.480017435232035;1.021526964985616;0.8960953391068314;[0]
5;100;191;10.139075662030184;1.021526964985616;0.8960953391068314;[0]
6;100;191;9.856684793053336;1.021526964985616;0.8960953391068314;[0]
7;100;191;1.5564072671472506;1.021526964985616;0.8960953391068314;[0]
8;100;191;1.0654643636125956;1.021526964985616;0.8960953391068314;[0]
9;100;191;3.7137353968712454;1.021526964985616;0.8960953391068314;[0]
10;100;191;2.3533533618460187;1.021526964985616;0.8960953391068314;[0]
11;100;191;1.389363913927258;1.021526964985616;0.8960953391068314;[0]
12;100;191;1.4317695333150025;1.021526964985616;0.8960953391068314;[0]
13;100;191;0.0;1.021526964985616;0.8960953391068314;[0]
14;100;191;0.8223215059224147;1.021526964985616;0.8960953391068314;[0]
15;100;191;1.1668407092494872;1.021526964985616;0.8960953391068314;[0]
16;100;191;1.4976681551206834;1.021526964985616;0.8960953391068314;[0]
17;100;191;1.4633838957635796;1.021526964985616;0.8960953391068314;[0]
18;100;191;0.0;1.021526964985616;0.8960953391068314;[0]
19;100;191;3.3708293175265656;1.021526964985616;0.8960953391068314;[0]
20;100;191;0.25195391521333727;1.021526964985616;0.8960953391068314;[0]
21;100;191;0.5556130555062033;1.021526964985616;0.8960953391068314;[0]
22;100;191;3.5077451946994587;1.021526964985616;0.8960953391068314;[0]
23;100;191;7.113334080352367;1.021526964985616;0.8960953391068314;[0]
24;100;191;0.0;1.021526964985616;0.8960953391068314;[0]
0;100;192;3.727280542322759;0.9117087814768895;0.8531309462994644;[0]
1;100;192;42.839090404737625;0.9117087814768895;0.8531309462994644;[0]
2;100;192;46.072782054910604;0.9117087814768895;0.8531309462994644;[0]
3;100;192;36.15758959705521;0.9117087814768895;0.8531309462994644;[0]
4;100;192;18.409986261215902;0.9117087814768895;0.8531309462994644;[0]
5;100;192;12.879707272998361;0.9117087814768895;0.8531309462994644;[0]
6;100;192;6.526843218644486;0.9117087814768895;0.8531309462994644;[0]
7;100;192;5.426646051788839;0.9117087814768895;0.8531309462994644;[0]
8;100;192;3.8323731263641223;0.9117087814768895;0.8531309462994644;[0]
9;100;192;2.9503954389626728;0.9117087814768895;0.8531309462994644;[0]
10;100;192;2.012096189931063;0.9117087814768895;0.8531309462994644;[0]
11;100;192;1.4260429051121515;0.9117087814768895;0.8531309462994644;[0]
12;100;192;1.8477974207876142;0.9117087814768895;0.8531309462994644;[0]
13;100;192;0.36750524078617025;0.9117087814768895;0.8531309462994644;[0]
14;100;192;2.0524320448144566;0.9117087814768895;0.8531309462994644;[0]
15;100;192;0.7770006451408603;0.9117087814768895;0.8531309462994644;[0]
16;100;192;1.2682096972951398;0.9117087814768895;0.8531309462994644;[0]
17;100;192;0.0;0.9117087814768895;0.8531309462994644;[0]
18;100;192;3.6162327280629993;0.9117087814768895;0.8531309462994644;[0]
19;100;192;0.031396792507711276;0.9117087814768895;0.8531309462994644;[0]
20;100;192;2.9584104618736546;0.9117087814768895;0.8531309462994644;[0]
21;100;192;5.21091243473461;0.9117087814768895;0.8531309462994644;[0]
22;100;192;0.0;0.9117087814768895;0.8531309462994644;[0]
23;100;192;0.06115790652965619;0.9117087814768895;0.8531309462994644;[0]
24;100;192;2.2929886109268947;0.9117087814768895;0.8531309462994644;[0]
0;100;193;0.6103297196647955;0.942059455653139;2.2981938599047727;[0]
1;100;193;30.43318946819425;0.942059455653139;2.2981938599047727;[0]
2;100;193;14.25745391592083;0.942059455653139;2.2981938599047727;[0]
3;100;193;5.9077660581660005;0.942059455653139;2.2981938599047727;[0]
4;100;193;3.94463204229311;0.942059455653139;2.2981938599047727;[0]
5;100;193;4.729372987689474;0.942059455653139;2.2981938599047727;[0]
6;100;193;0.1801004771237258;0.942059455653139;2.2981938599047727;[0]
7;100;193;2.9994761071811995;0.942059455653139;2.2981938599047727;[0]
8;100;193;1.1780467832119044;0.942059455653139;2.2981938599047727;[0]
9;100;193;0.0;0.942059455653139;2.2981938599047727;[0]
10;100;193;0.0;0.942059455653139;2.2981938599047727;[0]
11;100;193;2.8545100673173813;0.942059455653139;2.2981938599047727;[0]
12;100;193;0.0;0.942059455653139;2.2981938599047727;[0]
13;100;193;0.0;0.942059455653139;2.2981938599047727;[0]
14;100;193;2.1812019528006363;0.942059455653139;2.2981938599047727;[0]
15;100;193;1.4680094214126553;0.942059455653139;2.2981938599047727;[0]
16;100;193;0.3041757017527823;0.942059455653139;2.2981938599047727;[0]
17;100;193;0.0;0.942059455653139;2.2981938599047727;[0]
18;100;193;2.3878079103330787;0.942059455653139;2.2981938599047727;[0]
19;100;193;5.642265629475083;0.942059455653139;2.2981938599047727;[0]
20;100;193;2.722487123927296;0.942059455653139;2.2981938599047727;[0]
21;100;193;0.3657845028556912;0.942059455653139;2.2981938599047727;[0]
22;100;193;0.03710701058259043;0.942059455653139;2.2981938599047727;[0]
23;100;193;5.493149102428297;0.942059455653139;2.2981938599047727;[0]
24;100;193;0.0;0.942059455653139;2.2981938599047727;[0]
0;100;194;0.0;0.5628313602670919;4.280721860552967;[0]
1;100;194;7.25964818440993;0.5628313602670919;4.280721860552967;[0]
2;100;194;4.357301138551464;0.5628313602670919;4.280721860552967;[0]
3;100;194;1.3110593352047482;0.5628313602670919;4.280721860552967;[0]
4;100;194;2.401512742457763;0.5628313602670919;4.280721860552967;[0]
5;100;194;6.144385163985723;0.5628313602670919;4.280721860552967;[0]
6;100;194;0.811201584030524;0.5628313602670919;4.280721860552967;[0]
7;100;194;0.9941320347205251;0.5628313602670919;4.280721860552967;[0]
8;100;194;1.6757675863580972;0.5628313602670919;4.280721860552967;[0]
9;100;194;0.0;0.5628313602670919;4.280721860552967;[0]
10;100;194;0.0;0.5628313602670919;4.280721860552967;[0]
11;100;194;2.973607567057691;0.5628313602670919;4.280721860552967;[0]
12;100;194;4.613477510894839;0.5628313602670919;4.280721860552967;[0]
13;100;194;0.3824671118733486;0.5628313602670919;4.280721860552967;[0]
14;100;194;0.855239628992524;0.5628313602670919;4.280721860552967;[0]
15;100;194;1.05259963816601;0.5628313602670919;4.280721860552967;[0]
16;100;194;0.0;0.5628313602670919;4.280721860552967;[0]
17;100;194;0.4378575312843144;0.5628313602670919;4.280721860552967;[0]
18;100;194;0.0;0.5628313602670919;4.280721860552967;[0]
19;100;194;0.07317061516573989;0.5628313602670919;4.280721860552967;[0]
20;100;194;1.3437358265741153;0.5628313602670919;4.280721860552967;[0]
21;100;194;2.078955922630246;0.5628313602670919;4.280721860552967;[0]
22;100;194;0.0;0.5628313602670919;4.280721860552967;[0]
23;100;194;0.0;0.5628313602670919;4.280721860552967;[0]
24;100;194;0.0;0.5628313602670919;4.280721860552967;[0]
0;100;195;0.0;0.4566819645139601;1.863415614543554;[0]
1;100;195;27.988197703388458;0.4566819645139601;1.863415614543554;[0]
2;100;195;16.190084078662135;0.4566819645139601;1.863415614543554;[0]
3;100;195;12.34223690972622;0.4566819645139601;1.863415614543554;[0]
4;100;195;11.63011556077149;0.4566819645139601;1.863415614543554;[0]
5;100;195;3.9394784671209155;0.4566819645139601;1.863415614543554;[0]
6;100;195;6.419789852585055;0.4566819645139601;1.863415614543554;[0]
7;100;195;8.13343167983161;0.4566819645139601;1.863415614543554;[0]
8;100;195;2.184563856863213;0.4566819645139601;1.863415614543554;[0]
9;100;195;0.27116534301348266;0.4566819645139601;1.863415614543554;[0]
10;100;195;1.5455003286551376;0.4566819645139601;1.863415614543554;[0]
11;100;195;0.7107211908212802;0.4566819645139601;1.863415614543554;[0]
12;100;195;0.0;0.4566819645139601;1.863415614543554;[0]
13;100;195;0.0;0.4566819645139601;1.863415614543554;[0]
14;100;195;0.805675209788758;0.4566819645139601;1.863415614543554;[0]
15;100;195;0.0;0.4566819645139601;1.863415614543554;[0]
16;100;195;0.0;0.4566819645139601;1.863415614543554;[0]
17;100;195;1.457569934909176;0.4566819645139601;1.863415614543554;[0]
18;100;195;0.9976916222943369;0.4566819645139601;1.863415614543554;[0]
19;100;195;0.0;0.4566819645139601;1.863415614543554;[0]
20;100;195;0.11110980363941665;0.4566819645139601;1.863415614543554;[0]
21;100;195;0.6416636888759725;0.4566819645139601;1.863415614543554;[0]
22;100;195;6.33031806870463;0.4566819645139601;1.863415614543554;[0]
23;100;195;0.0;0.4566819645139601;1.863415614543554;[0]
24;100;195;2.0593350871972858;0.4566819645139601;1.863415614543554;[0]
0;100;196;6.180471301184437;0.4949515766553647;0.6101896876539569;[0]
1;100;196;30.59958018695221;0.4949515766553647;0.6101896876539569;[0]
2;100;196;47.53437570647816;0.4949515766553647;0.6101896876539569;[0]
3;100;196;39.446042778634045;0.4949515766553647;0.6101896876539569;[0]
4;100;196;36.9089599430644;0.4949515766553647;0.6101896876539569;[0]
5;100;196;31.684718242241615;0.4949515766553647;0.6101896876539569;[0]
6;100;196;22.540840396867317;0.4949515766553647;0.6101896876539569;[0]
7;100;196;16.50356777577633;0.4949515766553647;0.6101896876539569;[0]
8;100;196;12.733558494578535;0.4949515766553647;0.6101896876539569;[0]
9;100;196;14.89917090418151;0.4949515766553647;0.6101896876539569;[0]
10;100;196;6.290135108783001;0.4949515766553647;0.6101896876539569;[0]
11;100;196;2.207703210084222;0.4949515766553647;0.6101896876539569;[0]
12;100;196;9.346747523192965;0.4949515766553647;0.6101896876539569;[0]
13;100;196;1.121649701866244;0.4949515766553647;0.6101896876539569;[0]
14;100;196;3.7434883264775314;0.4949515766553647;0.6101896876539569;[0]
15;100;196;0.0;0.4949515766553647;0.6101896876539569;[0]
16;100;196;0.9598754742451724;0.4949515766553647;0.6101896876539569;[0]
17;100;196;0.13081252633643697;0.4949515766553647;0.6101896876539569;[0]
18;100;196;3.933036782048947;0.4949515766553647;0.6101896876539569;[0]
19;100;196;0.0;0.4949515766553647;0.6101896876539569;[0]
20;100;196;0.0;0.4949515766553647;0.6101896876539569;[0]
21;100;196;0.29717519717169183;0.4949515766553647;0.6101896876539569;[0]
22;100;196;4.404085491729447;0.4949515766553647;0.6101896876539569;[0]
23;100;196;4.140921376155177;0.4949515766553647;0.6101896876539569;[0]
24;100;196;0.0;0.4949515766553647;0.6101896876539569;[0]
0;100;197;0.0;0.7774709311950481;3.0283080482896554;[0]
1;100;197;24.16199333651142;0.7774709311950481;3.0283080482896554;[0]
2;100;197;7.949245152035377;0.7774709311950481;3.0283080482896554;[0]
3;100;197;0.020445782543228652;0.7774709311950481;3.0283080482896554;[0]
4;100;197;1.5388136490457915;0.7774709311950481;3.0283080482896554;[0]
5;100;197;2.092007824905494;0.7774709311950481;3.0283080482896554;[0]
6;100;197;0.0;0.7774709311950481;3.0283080482896554;[0]
7;100;197;3.7684892595239057;0.7774709311950481;3.0283080482896554;[0]
8;100;197;1.335765444462874;0.7774709311950481;3.0283080482896554;[0]
9;100;197;0.0;0.7774709311950481;3.0283080482896554;[0]
10;100;197;2.2490460595304897;0.7774709311950481;3.0283080482896554;[0]
11;100;197;1.88376104069502;0.7774709311950481;3.0283080482896554;[0]
12;100;197;0.0;0.7774709311950481;3.0283080482896554;[0]
13;100;197;0.7849984896820809;0.7774709311950481;3.0283080482896554;[0]
14;100;197;0.3907772948373024;0.7774709311950481;3.0283080482896554;[0]
15;100;197;0.16490166119998675;0.7774709311950481;3.0283080482896554;[0]
16;100;197;2.978399007459908;0.7774709311950481;3.0283080482896554;[0]
17;100;197;3.5519153389305327;0.7774709311950481;3.0283080482896554;[0]
18;100;197;0.31649776173071054;0.7774709311950481;3.0283080482896554;[0]
19;100;197;0.0;0.7774709311950481;3.0283080482896554;[0]
20;100;197;1.4086755370999824;0.7774709311950481;3.0283080482896554;[0]
21;100;197;0.06999283468101827;0.7774709311950481;3.0283080482896554;[0]
22;100;197;2.4606805946464885;0.7774709311950481;3.0283080482896554;[0]
23;100;197;1.8040098967234968;0.7774709311950481;3.0283080482896554;[0]
24;100;197;0.0;0.7774709311950481;3.0283080482896554;[0]
0;100;198;5.351366823257988;1.3838461376752322;1.8221709346900015;[0]
1;100;198;47.17979992832215;1.3838461376752322;1.8221709346900015;[0]
2;100;198;16.000598513832998;1.3838461376752322;1.8221709346900015;[0]
3;100;198;2.8511573349551425;1.3838461376752322;1.8221709346900015;[0]
4;100;198;0.09719149610493738;1.3838461376752322;1.8221709346900015;[0]
5;100;198;1.76813813980504;1.3838461376752322;1.8221709346900015;[0]
6;100;198;2.186717888325118;1.3838461376752322;1.8221709346900015;[0]
7;100;198;4.504183340627224;1.3838461376752322;1.8221709346900015;[0]
8;100;198;0.00010921171342210523;1.3838461376752322;1.8221709346900015;[0]
9;100;198;3.456841123084745;1.3838461376752322;1.8221709346900015;[0]
10;100;198;2.315017202350753;1.3838461376752322;1.8221709346900015;[0]
11;100;198;0.0;1.3838461376752322;1.8221709346900015;[0]
12;100;198;0.9032014172001109;1.3838461376752322;1.8221709346900015;[0]
13;100;198;4.3974263443436055;1.3838461376752322;1.8221709346900015;[0]
14;100;198;0.6494395918114491;1.3838461376752322;1.8221709346900015;[0]
15;100;198;0.6356837531347492;1.3838461376752322;1.8221709346900015;[0]
16;100;198;4.189263934876386;1.3838461376752322;1.8221709346900015;[0]
17;100;198;0.0;1.3838461376752322;1.8221709346900015;[0]
18;100;198;0.7994496727547548;1.3838461376752322;1.8221709346900015;[0]
19;100;198;0.7270854923548837;1.3838461376752322;1.8221709346900015;[0]
20;100;198;0.710586969111571;1.3838461376752322;1.8221709346900015;[0]
21;100;198;1.369083060322628;1.3838461376752322;1.8221709346900015;[0]
22;100;198;0.17468943826279323;1.3838461376752322;1.8221709346900015;[0]
23;100;198;1.1600779259896503;1.3838461376752322;1.8221709346900015;[0]
24;100;198;4.421062957414102;1.3838461376752322;1.8221709346900015;[0]
0;100;199;6.057338708508335;0.8030171544110389;1.0744336432566135;[0]
1;100;199;47.3833375785927;0.8030171544110389;1.0744336432566135;[0]
2;100;199;44.563204417223034;0.8030171544110389;1.0744336432566135;[0]
3;100;199;31.56877124143447;0.8030171544110389;1.0744336432566135;[0]
4;100;199;16.12601089228319;0.8030171544110389;1.0744336432566135;[0]
5;100;199;7.201458426442339;0.8030171544110389;1.0744336432566135;[0]
6;100;199;0.8364965889438474;0.8030171544110389;1.0744336432566135;[0]
7;100;199;1.2814604482109981;0.8030171544110389;1.0744336432566135;[0]
8;100;199;0.0;0.8030171544110389;1.0744336432566135;[0]
9;100;199;0.0;0.8030171544110389;1.0744336432566135;[0]
10;100;199;1.7066293399708465;0.8030171544110389;1.0744336432566135;[0]
11;100;199;0.0;0.8030171544110389;1.0744336432566135;[0]
12;100;199;0.0;0.8030171544110389;1.0744336432566135;[0]
13;100;199;1.276062235881608;0.8030171544110389;1.0744336432566135;[0]
14;100;199;2.0503667409190482;0.8030171544110389;1.0744336432566135;[0]
15;100;199;0.0;0.8030171544110389;1.0744336432566135;[0]
16;100;199;2.3322139088706955;0.8030171544110389;1.0744336432566135;[0]
17;100;199;0.0017616990264241906;0.8030171544110389;1.0744336432566135;[0]
18;100;199;2.8799327997667765;0.8030171544110389;1.0744336432566135;[0]
19;100;199;5.774973397055195;0.8030171544110389;1.0744336432566135;[0]
20;100;199;0.0;0.8030171544110389;1.0744336432566135;[0]
21;100;199;0.6388586164270732;0.8030171544110389;1.0744336432566135;[0]
22;100;199;0.22528431156663487;0.8030171544110389;1.0744336432566135;[0]
23;100;199;0.20600664237640964;0.8030171544110389;1.0744336432566135;[0]
24;100;199;6.393720312826699;0.8030171544110389;1.0744336432566135;[0]
0;100;200;0.0;0.5753486167725381;1.9084758402622286;[0]
1;100;200;26.37426090627619;0.5753486167725381;1.9084758402622286;[0]
2;100;200;22.410706398370742;0.5753486167725381;1.9084758402622286;[0]
3;100;200;21.513990839672523;0.5753486167725381;1.9084758402622286;[0]
4;100;200;3.4401997905480357;0.5753486167725381;1.9084758402622286;[0]
5;100;200;1.0278170261385258;0.5753486167725381;1.9084758402622286;[0]
6;100;200;0.0;0.5753486167725381;1.9084758402622286;[0]
7;100;200;1.3329894418289898;0.5753486167725381;1.9084758402622286;[0]
8;100;200;0.0;0.5753486167725381;1.9084758402622286;[0]
9;100;200;1.2092129337489492;0.5753486167725381;1.9084758402622286;[0]
10;100;200;0.0;0.5753486167725381;1.9084758402622286;[0]
11;100;200;2.158525179393739;0.5753486167725381;1.9084758402622286;[0]
12;100;200;0.0;0.5753486167725381;1.9084758402622286;[0]
13;100;200;1.5082689910671019;0.5753486167725381;1.9084758402622286;[0]
14;100;200;1.4740157570702328;0.5753486167725381;1.9084758402622286;[0]
15;100;200;1.8880249725543636;0.5753486167725381;1.9084758402622286;[0]
16;100;200;3.0526891568607586;0.5753486167725381;1.9084758402622286;[0]
17;100;200;0.0;0.5753486167725381;1.9084758402622286;[0]
18;100;200;1.5397633362255385;0.5753486167725381;1.9084758402622286;[0]
19;100;200;0.0;0.5753486167725381;1.9084758402622286;[0]
20;100;200;0.30522258451061174;0.5753486167725381;1.9084758402622286;[0]
21;100;200;0.0;0.5753486167725381;1.9084758402622286;[0]
22;100;200;0.0;0.5753486167725381;1.9084758402622286;[0]
23;100;200;0.06174133044854152;0.5753486167725381;1.9084758402622286;[0]
24;100;200;3.1147278372734655;0.5753486167725381;1.9084758402622286;[0]
